-- MariaDB dump 10.17  Distrib 10.5.5-MariaDB, for Linux (x86_64)
--
-- Host: localhost    Database: locate
-- ------------------------------------------------------
-- Server version	10.5.5-MariaDB

/*!40101 SET @OLD_CHARACTER_SET_CLIENT=@@CHARACTER_SET_CLIENT */;
/*!40101 SET @OLD_CHARACTER_SET_RESULTS=@@CHARACTER_SET_RESULTS */;
/*!40101 SET @OLD_COLLATION_CONNECTION=@@COLLATION_CONNECTION */;
/*!40101 SET NAMES utf8mb4 */;
/*!40103 SET @OLD_TIME_ZONE=@@TIME_ZONE */;
/*!40103 SET TIME_ZONE='+00:00' */;
/*!40014 SET @OLD_UNIQUE_CHECKS=@@UNIQUE_CHECKS, UNIQUE_CHECKS=0 */;
/*!40014 SET @OLD_FOREIGN_KEY_CHECKS=@@FOREIGN_KEY_CHECKS, FOREIGN_KEY_CHECKS=0 */;
/*!40101 SET @OLD_SQL_MODE=@@SQL_MODE, SQL_MODE='NO_AUTO_VALUE_ON_ZERO' */;
/*!40111 SET @OLD_SQL_NOTES=@@SQL_NOTES, SQL_NOTES=0 */;

--
-- Table structure for table `library`
--

DROP TABLE IF EXISTS `library`;
/*!40101 SET @saved_cs_client     = @@character_set_client */;
/*!40101 SET character_set_client = utf8 */;
CREATE TABLE `library` (
  `id` int(11) NOT NULL AUTO_INCREMENT,
  `code` varchar(24) COLLATE utf8mb4_unicode_ci NOT NULL,
  `label` varchar(255) COLLATE utf8mb4_unicode_ci NOT NULL,
  PRIMARY KEY (`id`),
  UNIQUE KEY `code_unique` (`code`)
) ENGINE=InnoDB AUTO_INCREMENT=7 DEFAULT CHARSET=utf8mb4 COLLATE=utf8mb4_unicode_ci;
/*!40101 SET character_set_client = @saved_cs_client */;

--
-- Dumping data for table `library`
--

LOCK TABLES `library` WRITE;
/*!40000 ALTER TABLE `library` DISABLE KEYS */;
INSERT INTO `library` VALUES (5,'onl','O\'Neill Library'),(6,'law','Law School Library');
/*!40000 ALTER TABLE `library` ENABLE KEYS */;
UNLOCK TABLES;

--
-- Table structure for table `map`
--

DROP TABLE IF EXISTS `map`;
/*!40101 SET @saved_cs_client     = @@character_set_client */;
/*!40101 SET character_set_client = utf8 */;
CREATE TABLE `map` (
  `id` int(11) NOT NULL AUTO_INCREMENT,
  `library_id` int(11) NOT NULL,
  `code` varchar(24) COLLATE utf8mb4_unicode_ci NOT NULL,
  `label` varchar(255) COLLATE utf8mb4_unicode_ci NOT NULL,
  `filename` varchar(255) COLLATE utf8mb4_unicode_ci NOT NULL,
  PRIMARY KEY (`id`),
  KEY `IDX_93ADAABBFE2541D7` (`library_id`),
  CONSTRAINT `FK_93ADAABBFE2541D7` FOREIGN KEY (`library_id`) REFERENCES `library` (`id`)
) ENGINE=InnoDB AUTO_INCREMENT=19 DEFAULT CHARSET=utf8mb4 COLLATE=utf8mb4_unicode_ci;
/*!40101 SET character_set_client = @saved_cs_client */;

--
-- Dumping data for table `map`
--

LOCK TABLES `map` WRITE;
/*!40000 ALTER TABLE `map` DISABLE KEYS */;
INSERT INTO `map` VALUES (13,5,'floor-5','Level 5','onl-floor-5'),(14,5,'floor-4-south','Level 4','onl-floor-4-south'),(15,5,'floor-4-north','Level 4','onl-floor-4-north'),(16,5,'floor-3','Level 3','onl-floor-3'),(17,6,'floor-3','Level 3','law-floor-3'),(18,6,'floor-4','Level 4','law-floor-4');
/*!40000 ALTER TABLE `map` ENABLE KEYS */;
UNLOCK TABLES;

--
-- Table structure for table `migration_versions`
--

DROP TABLE IF EXISTS `migration_versions`;
/*!40101 SET @saved_cs_client     = @@character_set_client */;
/*!40101 SET character_set_client = utf8 */;
CREATE TABLE `migration_versions` (
  `version` varchar(14) COLLATE utf8mb4_unicode_ci NOT NULL,
  `executed_at` datetime NOT NULL COMMENT '(DC2Type:datetime_immutable)',
  PRIMARY KEY (`version`)
) ENGINE=InnoDB DEFAULT CHARSET=utf8mb4 COLLATE=utf8mb4_unicode_ci;
/*!40101 SET character_set_client = @saved_cs_client */;

--
-- Dumping data for table `migration_versions`
--

LOCK TABLES `migration_versions` WRITE;
/*!40000 ALTER TABLE `migration_versions` DISABLE KEYS */;
INSERT INTO `migration_versions` VALUES ('20210223185309','2021-02-23 18:54:47');
/*!40000 ALTER TABLE `migration_versions` ENABLE KEYS */;
UNLOCK TABLES;

--
-- Table structure for table `shelf`
--

DROP TABLE IF EXISTS `shelf`;
/*!40101 SET @saved_cs_client     = @@character_set_client */;
/*!40101 SET character_set_client = utf8 */;
CREATE TABLE `shelf` (
  `id` int(11) NOT NULL AUTO_INCREMENT,
  `map_id` int(11) DEFAULT NULL,
  `code` varchar(255) COLLATE utf8mb4_unicode_ci NOT NULL,
  `start_call_number` varchar(255) COLLATE utf8mb4_unicode_ci NOT NULL,
  `end_call_number` varchar(255) COLLATE utf8mb4_unicode_ci NOT NULL,
  `start_sort_call_number` varchar(255) COLLATE utf8mb4_unicode_ci NOT NULL,
  `end_sort_call_number` varchar(255) COLLATE utf8mb4_unicode_ci NOT NULL,
  PRIMARY KEY (`id`),
  UNIQUE KEY `shelf_map_id_code_uindex` (`map_id`,`code`),
  KEY `IDX_A5475BE353C55F64` (`map_id`),
  KEY `callno_idx` (`start_sort_call_number`,`end_sort_call_number`),
  KEY `code_idx` (`code`),
  CONSTRAINT `FK_A5475BE353C55F64` FOREIGN KEY (`map_id`) REFERENCES `map` (`id`)
) ENGINE=InnoDB AUTO_INCREMENT=948 DEFAULT CHARSET=utf8mb4 COLLATE=utf8mb4_unicode_ci;
/*!40101 SET character_set_client = @saved_cs_client */;

--
-- Dumping data for table `shelf`
--

LOCK TABLES `shelf` WRITE;
/*!40000 ALTER TABLE `shelf` DISABLE KEYS */;
INSERT INTO `shelf` VALUES (109,15,'1','E11 .A38 1995-97','E99 .C68 M357 1998','E  0011.0000A 3800  0000 1995-97','E  0099.0000C 6800M 3570 1998'),(110,15,'2','E99 .C68 N354 2006','E169.1 .P768 v.13 1988','E  0099.0000C 6800N 3540 2006','E  0169.1000P 7680  0000 v.13 1988'),(111,15,'3','E169.1 .P768 1990 v.15','E178.1 .B827 1993','E  0169.1000P 7680  0000 1990 v.15','E  0178.1000B 8270  0000 1993'),(112,15,'4','E178.1 .B827 1997','E184 .A1 C847 2001','E  0178.1000B 8270  0000 1997','E  0184.0000A 1000C 8470 2001'),(113,15,'5','E184 .A1 D24 1993','E184.35 .D56 2003','E  0184.0000A 1000D 2400 1993','E  0184.3500D 5600  0000 2003'),(114,15,'6','E184.35 .F74 2000','E185.86 .L353 2002','E  0184.3500F 7400  0000 2000','E  0185.8600L 3530  0000 2002'),(115,15,'7','E185.86 .L355 1989','E278 .C9 A34 1972 v.2','E  0185.8600L 3550  0000 1989','E  0278.0000C 9000A 3400 1972 v.2'),(116,15,'8','E278 .D47 M35 2015','E382 .B89 2001','E  0278.0000D 4700M 3500 2015','E  0382.0000B 8900  0000 2001'),(117,15,'9','E382 .C29 2017','E458 .S825','E  0382.0000C 2900  0000 2017','E  0458.0000S 8250  0000'),(118,15,'10','E458 .U518 64/65 pt.1','E581.6 8th .S54 2004','E  0458.0000U 5180  0000 64/65 pt.1','E  0581.6000  0000  0000 8th .S54 2004'),(119,15,'11','E581.6 43rd .W47 1990','E746 .G36 G55 1999','E  0581.6000  0000  0000 43rd .W47 1990','E  0746.0000G 3600G 5500 1999'),(120,15,'12','E746 .H3 A3','E840 .A594 1995','E  0746.0000H 3000A 3000','E  0840.0000A 5940  0000 1995'),(121,15,'13','E840 .A615','E902 .C47 2003','E  0840.0000A 6150  0000','E  0902.0000C 4700  0000 2003'),(122,15,'14','E902 .C544 2004','F74 .N27 S33 1998','E  0902.0000C 5440  0000 2004','F  0074.0000N 2700S 3300 1998'),(123,15,'15','F74 .N3 C6','F209 .S715 2002 v.12','F  0074.0000N 3000C 6000','F  0209.0000S 7150  0000 2002 v.12'),(124,15,'16','F209 .T3 1961','F391 .T3813 1984','F  0209.0000T 3000  0000 1961','F  0391.0000T 3813  0000 1984'),(125,15,'17','F391 .T5116 2004','F616 .A6','F  0391.0000T 5116  0000 2004','F  0616.0000A 6000  0000'),(126,15,'18','F616 .A615','F891 .F493 2007','F  0616.0000A 6150  0000','F  0891.0000F 4930  0000 2007'),(127,15,'19','F891 .F496 2002','F1401 .A587 v.58 2001 pt.2','F  0891.0000F 4960  0000 2002','F  1401.0000A 5870  0000 v.58 2001 pt.2'),(128,15,'20','F1401 .A587 v.59 2002 pt.1','F1466 .R383','F  1401.0000A 5870  0000 v.59 2002 pt.1','F  1466.0000R 3830  0000'),(129,15,'21','F1466 .V456 2008','F2230.1 .C75 E85 1995','F  1466.0000V 4560  0000 2008','F  2230.1000C 7500E 8500 1995'),(130,15,'22','F2230.1 .D78 S53 2014','F2801 .I5 v .43','F  2230.1000D 7800S 5300 2014','F  2801.0000I 5000  0000 v .43'),(131,15,'23','F2801 .I5 v .44','F3448.2 .S438 1999','F  2801.0000I 5000  0000 v .44','F  3448.2000S 4380  0000 1999'),(132,15,'24','F3448.2 .S53 1998','GA795 .H37 2010','F  3448.2000S 5300  0000 1998','GA 0795.0000H 3700  0000 2010'),(133,15,'25','GA826 .A52 1993','GF50 .S33 1996','GA 0826.0000A 5200  0000 1993','GF 0050.0000S 3300  0000 1996'),(134,15,'28','GF50 .S33 1996','GN298 .Y68 1997','GF 0050.0000S 3300  0000 1996','GN 0298.0000Y 6800  0000 1997'),(135,15,'29','GN301 .B85 v.40','GN635 .C5 D66 1995','GN 0301.0000B 8500  0000 v.40','GN 0635.0000C 5000D 6600 1995'),(136,15,'30','GN635 .C5 F85 2007','GR133 .A7 C58 2006','GN 0635.0000C 5000F 8500 2007','GR 0133.0000A 7000C 5800 2006'),(137,15,'31','GR133 .A7 M58 1998','GT3770 .R8 P79 2009','GR 0133.0000A 7000M 5800 1998','GT 3770.0000R 8000P 7900 2009'),(138,15,'32','GT3803 .B4413 2010','GV709 .W577 1994','GT 3803.0000B 4413  0000 2010','GV 0709.0000W 5770  0000 1994'),(139,15,'33','GV709 .W587 v.1','GV1133 .L47 1990','GV 0709.0000W 5870  0000 v.1','GV 1133.0000L 4700  0000 1990'),(140,15,'34','GV1133 .M35 1996','H1 .N4 v. 70-72','GV 1133.0000M 3500  0000 1996','H  0001.0000N 4000  0000 v. 70-72'),(141,15,'35','H1 .N47 v.13','H8 .R53 v.79','H  0001.0000N 4700  0000 v.13','H  0008.0000R 5300  0000 v.79'),(142,15,'36','H8 .S49 v.18 1991','H62 .G7658 1985','H  0008.0000S 4900  0000 v.18 1991','H  0062.0000G 7658  0000 1985'),(143,15,'37','H62 .G77','HA36 .U57 v. 42','H  0062.0000G 7700  0000','HA 0036.0000U 5700  0000 v. 42'),(144,15,'38','HA36 .U57 v.43','HB1 .G47 v.4 1966','HA 0036.0000U 5700  0000 v.43','HB 0001.0000G 4700  0000 v.4 1966'),(145,15,'39','HB1 .G47 v.5','HB95 .P3185 2010','HB 0001.0000G 4700  0000 v.5','HB 0095.0000P 3185  0000 2010'),(146,15,'40','HB95 .P34 2010','HB171 .S5637 1991','HB 0095.0000P 3400  0000 2010','HB 0171.0000S 5637  0000 1991'),(147,15,'41','HB171 .S564','HB801 .E66 1997','HB 0171.0000S 5640  0000','HB 0801.0000E 6600  0000 1997'),(148,15,'42','HB801 .E8 2001','HC10 .I673 2018','HB 0801.0000E 8000  0000 2001','HC 0010.0000I 6730  0000 2018'),(149,15,'43','HC10 .J55 v.12','HC59.72 .E5 S868 1996','HC 0010.0000J 5500  0000 v.12','HC 0059.7200E 5000S 8680 1996'),(150,15,'44','HC59.72 .E5 T73 2002','HC101 .A13 v.64','HC 0059.7200E 5000T 7300 2002','HC 0101.0000A 1300  0000 v.64'),(151,15,'45','HC101 .A13 v.65','HC106.6 .S74 2003 Jan, v.3','HC 0101.0000A 1300  0000 v.65','HC 0106.6000S 7400  0000 2003 Jan, v.3'),(152,15,'46','HC106.6 .S74 2003 Apr, v.1','HC110 .P6 O7','HC 0106.6000S 7400  0000 2003 Apr, v.1','HC 0110.0000P 6000O 7000'),(153,15,'47','HC110 .P6 P328 2000','HC241.2 .A212 1997','HC 0110.0000P 6000P 3280 2000','HC 0241.2000A 2120  0000 1997'),(154,15,'48','HC241.2 .A212 1998','HC286.3 .Z48','HC 0241.2000A 2120  0000 1998','HC 0286.3000Z 4800  0000'),(155,15,'49','HD286.4 .A75 2014','HC427.7 .D86 1996','HD 0286.4000A 7500  0000 2014','HC 0427.7000D 8600  0000 1996'),(156,15,'50','HC427.7 .D864 2006','HD20.15 .G7 M32 v.38','HC 0427.7000D 8640  0000 2006','HD 0020.1500G 7000M 3200 v.38'),(157,15,'51','HD20.4 .B52 1969','HD38 .O315','HD 0020.4000B 5200  0000 1969','HD 0038.0000O 3150  0000'),(158,15,'52','HD38 .O45','HD58.6 .C57 2001','HD 0038.0000O 4500  0000','HD 0058.6000C 5700  0000 2001'),(159,15,'53','HD57.7 .L435 v.6','HD60 .A34 v.7','HD 0057.7000L 4350  0000 v.6','HD 0060.0000A 3400  0000 v.7'),(160,15,'54','HD60 .A39 1990','HD62.7 .H68 1994','HD 0060.0000A 3900  0000 1990','HD 0062.7000H 6800  0000 1994'),(161,15,'55','HD62.7 .S7 E96 2010','HD73 .I575 1992, v.3','HD 0062.7000S 7000E 9600 2010','HD 0073.0000I 5750  0000 1992, v.3'),(162,15,'56','HD73 .I575 1992, v.3','HD85 .S7 D48','HD 0073.0000I 5750  0000 1992, v.3','HD 0085.0000S 7000D 4800'),(163,15,'57','HD85 .S7 E96 2010','HD644.8 .C6','HD 0085.0000S 7000E 9600 2010','HD 0644.8000C 6000  0000'),(164,15,'58','HD644.8 .L43 1972','HD1492 .V5 F47 1989','HD 0644.8000L 4300  0000 1972','HD 1492.0000V 5000F 4700 1989'),(165,15,'59','HD1492.5 .S65 V56 1996','HD2098 .H82 1998','HD 1492.5000S 6500V 5600 1996','HD 2098.0000H 8200  0000 1998'),(166,15,'60','HD2098 .K83 1995','HD2741 .C65a v.44','HD 2098.0000K 8300  0000 1995','HD 2741.0000C 6500  0000 a v.44'),(167,15,'61','HD2741 .C65a v.45','HD2778 .H6','HD 2741.0000C 6500  0000 a v.45','HD 2778.0000H 6000  0000'),(168,15,'62','HD2778 .J8','HD3616 .U47 F75 1995','HD 2778.0000J 8000  0000','HD 3616.0000U 4700F 7500 1995'),(169,15,'63','HD3616 .U47 G3','HD4802 .L435 1976','HD 3616.0000U 4700G 3000','HD 4802.0000L 4350  0000 1976'),(170,15,'64','HD4802 .L435 v.18','HD4904.7 .G35 2002','HD 4802.0000L 4350  0000 v.18','HD 4904.7000G 3500  0000 2002'),(171,15,'65','HD4904.7 .H33 1995','HD5504 .A3 L3','HD 4904.7000H 3300  0000 1995','HD 5504.0000A 3000L 3000'),(172,15,'66','HD 5504 .A3 M2','HD 5724 .T565','HD 5504.0000A 3000M 2000','HD 5724.0000T 5650  0000'),(173,15,'67','HD 5724 .T65','HD 6060.6 .W66 1986','HD 5724.0000T 6500  0000','HD 6060.6000W 6600  0000 1986'),(174,15,'68','HD 6060.65 .A97 B39x 1993','HD 6350 .A76','HD 6060.6500A 9700B 3900 x 1993','HD 6350.0000A 7600  0000'),(175,15,'69','HD 6350 .A76 I5','HD 6515 .T221589 2008','HD 6350.0000A 7600I 5000','HD 6515.0000T 2215  0000 2008'),(176,15,'70','HD 6515 .T3 B74','HD 6959.5 .A38','HD 6515.0000T 3000B 7400','HD 6959.5000A 3800  0000'),(177,15,'71','HD 6958.5 .A38 v.16','HD7106 .U5 S47','HD 6958.5000A 3800  0000 v.16','HD 7106.0000U 5000S 4700'),(178,15,'72','HD7106 .U5 S47','HD7293 .A3 U3','HD 7106.0000U 5000S 4700','HD 7293.0000A 3000U 3000'),(179,15,'73','HD7293 .A3 W37','HD8039 .D52 G7775 2013','HD 7293.0000A 3000W 3700','HD 8039.0000D 5200G 7775 2013'),(180,15,'74','HD8039 .C662 U64 1997','HD8397 .B45 M67 1991','HD 8039.0000C 6620U 6400 1997','HD 8397.0000B 4500M 6700 1991'),(181,15,'75','HD8397 .C47 K57 1985','HD9072 .L2 1890/95','HD 8397.0000C 4700K 5700 1985','HD 9072.0000L 2000  0000 1890/95'),(182,15,'76','HD9072 .L2 1893/98','HD9506 .C62 D67 1994','HD 9072.0000L 2000  0000 1893/98','HD 9506.0000C 6200D 6700 1994'),(183,15,'77','HD9506 .D452 S87 2005','HD9576 .A2 F5','HD 9506.0000D 4520S 8700 2005','HD 9576.0000A 2000F 5000'),(184,15,'78','HD9576 .A982 C76 1998','HD9698 .A2 O75','HD 9576.0000A 9820C 7600 1998','HD 9698.0000A 2000O 7500'),(185,15,'79','HD9698 .A2 O76','HD9989 .D44 G5 1997','HD 9698.0000A 2000O 7600','HD 9989.0000D 4400G 5000 1997'),(186,15,'80','HD9989 .D44 I588 2010','HE2714 T7 v.243','HD 9989.0000D 4400I 5880 2010','HE 2714.0000T 7000  0000 v.243'),(187,15,'81','HE2714 T7 v.244','HF1 .B867 v.8','HE 2714.0000T 7000  0000 v.244','HF 0001.0000B 8670  0000 v.8'),(188,15,'82','HF1 .B867 v.9','HF1008 .C38 1985','HF 0001.0000B 8670  0000 v.9','HF 1008.0000C 3800  0000 1985'),(189,15,'83','HF1008 .C4552 1999','HF1418.5 .M33 1996','HF 1008.0000C 4552  0000 1999','HF 1418.5000M 3300  0000 1996'),(190,15,'84','HF1418.5 .M37 1998','HF3751 .A74','HF 1418.5000M 3700  0000 1998','HF 3751.0000A 7400  0000'),(191,15,'85','HF3751.8 .E97x 1997','HF5381 .S945 2004','HF 3751.8000E 9700  0000 x 1997','HF 5381.0000S 9450  0000 2004'),(192,15,'86','HF5381 .T235 1989','HF5415.2 .S554x 1993','HF 5381.0000T 2350  0000 1989','HF 5415.2000S 5540  0000 x 1993'),(193,15,'87','HF5415.2 .E713 1992','HF5601 .A254 v.46','HF 5415.2000E 7130  0000 1992','HF 5601.0000A 2540  0000 v.46'),(194,15,'88','HF5500.2 .V33 1983','HF5549 .E317 1990','HF 5500.2000V 3300  0000 1983','HF 5549.0000E 3170  0000 1990'),(195,15,'89','HF5549 .E713 1992','HF5601 .A254 v.46','HF 5549.0000E 7130  0000 1992','HF 5601.0000A 2540  0000 v.46'),(196,15,'90','HF5601 .A254 v.47','HF5626 .T72 2001 v.1','HF 5601.0000A 2540  0000 v.47','HF 5626.0000T 7200  0000 2001 v.1'),(197,15,'91','HF5626 .T72 2001 v.2','HF5770 .P4 v.87','HF 5626.0000T 7200  0000 2001 v.2','HF 5770.0000P 4000  0000 v.87'),(198,15,'92','HF5770 .P4 v.88','HG46 .S6/ 173-174 n.2','HF 5770.0000P 4000  0000 v.88','HG 0046.0000S 6000  0000 / 173-174 n.2'),(199,15,'93','HG63 .A34 2002','HG538 .A314','HG 0063.0000A 3400  0000 2002','HG 0538.0000A 3140  0000'),(200,15,'94','HG538 .A3 1963','HG2051 .U5 M8','HG 0538.0000A 3000  0000 1963','HG 2051.0000U 5000M 8000'),(201,15,'95','HG2051 .U5 M8 v.59','HG3879 .I565 v.24-25','HG 2051.0000U 5000M 8000 v.59','HG 3879.0000I 5650  0000 v.24-25'),(202,15,'96','HG3879 .I565 v.26-27','HG4057 .P6 1974','HG 3879.0000I 5650  0000 v.26-27','HG 4057.0000P 6000  0000 1974'),(203,15,'97','HG4057 .P6 1975 v.1','HG4910 .A465 1976','HG 4057.0000P 6000  0000 1975 v.1','HG 4910.0000A 4650  0000 1976'),(204,15,'98','HG4910 .A68x 1991','HG6024 .A3 G66x','HG 4910.0000A 6800  0000 x 1991','HG 6024.0000A 3000G 6600 x'),(205,15,'99','HG6024 .A3 G66x','HJ2360 .J3','HG 6024.0000A 3000G 6600 x','HJ 2360.0000J 3000  0000'),(206,15,'100','HJ2360 .J6','HM7 .E82','HJ 2360.0000J 6000  0000','HM 0007.0000E 8200  0000'),(207,15,'101','HM7 .I7 1991','HM132 .G83 1988','HM 0007.0000I 7000  0000 1991','HM 0132.0000G 8300  0000 1988'),(208,15,'102','HM132 .G86','HM263 .P766 v.49-50','HM 0132.0000G 8600  0000','HM 0263.0000P 7660  0000 v.49-50'),(209,15,'103','HM263 .P767 v.13','HM831 .T6183 2007','HM 0263.0000P 7670  0000 v.13','HM 0831.0000T 6183  0000 2007'),(210,15,'104','HM831 .T682 2007','HN18.3 .B38 2010','HM 0831.0000T 6820  0000 2007','HN 0018.3000B 3800  0000 2010'),(211,15,'105','HN18 .D765 2014','HN90 .S6 D66 2018','HN 0018.0000D 7650  0000 2014','HN 0090.0000S 6000D 6600 2018'),(212,15,'106','HN90 .S6 D85 1972','HN670.7 .A8 M38 1991','HN 0090.0000S 6000D 8500 1972','HN 0670.7000A 8000M 3800 1991'),(213,15,'107','HN670.8 .A8 J38 2010','HQ21 .T46 1987','HN 0670.8000A 8000J 3800 2010','HQ 0021.0000T 4600  0000 1987'),(214,15,'108','HQ21 .T574 1995','HQ536 .C.417 1998','HQ 0021.0000T 5740  0000 1995','HQ 0536.0000C 0000  0000 .417 1998'),(215,15,'109','HQ536 .C44 2005','HQ767.7 .L33','HQ 0536.0000C 4400  0000 2005','HQ 0767.7000L 3300  0000'),(216,15,'110','HQ767.8 .C43','HQ799.2 .V56 C37 2013','HQ 0767.8000C 4300  0000','HQ 0799.2000V 5600C 3700 2013'),(217,15,'111','HQ799.2 .V56 D35 2010','HQ1090 .M365 2006','HQ 0799.2000V 5600D 3500 2010','HQ 1090.0000M 3650  0000 2006'),(218,15,'112','HQ1090 .M327 1998','HQ1233 .E55 1993','HQ 1090.0000M 3270  0000 1998','HQ 1233.0000E 5500  0000 1993'),(219,15,'113','HQ 1233 .E553 2010','HQ1613 .B43 2004','HQ 1233.0000E 5530  0000 2010','HQ 1613.0000B 4300  0000 2004'),(220,15,'114','HQ1613 .C29 2008','HT151 .E366 1987','HQ 1613.0000C 2900  0000 2008','HT 0151.0000E 3660  0000 1987'),(221,15,'115','HT151 .F38','HT1092 .S5','HT 0151.0000F 3800  0000','HT 1092.0000S 5000  0000'),(222,15,'116','HT1093 .E93 2002','HV741 .C536157 1999','HT 1093.0000E 9300  0000 2002','HV 0741.0000C 5361  0000 1999'),(223,15,'117','HV741 .C536 v.13','HV5800 .C66 v.41','HV 0741.0000C 5360  0000 v.13','HV 5800.0000C 6600  0000 v.41'),(224,15,'118','HV5800 .D753 v.1','HV6433 .S95 L57 2015','HV 5800.0000D 7530  0000 v.1','HV 6433.0000S 9500L 5700 2015'),(225,15,'119','HV6433 .S95 R84 2016','HV8144 .F43 G74 2010','HV 6433.0000S 9500R 8400 2016','HV 8144.0000F 4300G 7400 2010'),(226,15,'120','HV8144 .F43 G743 2012','HX3 .N36 2000','HV 8144.0000F 4300G 7430 2012','HX 0003.0000N 3600  0000 2000'),(227,15,'121','HX3 .N36 2001','HX276 .M27683 v.10','HX 0003.0000N 3600  0000 2001','HX 0276.0000M 2768  0000 v.10'),(228,15,'122','HX276 .M27683 v.11','J31 .1797a v.3','HX 0276.0000M 2768  0000 v.11','J  0031.0000  0000  0000 a v.3'),(229,15,'123','J31 .1797a v.4','J301 .K22 1970-1','J  0031.0000  0000  0000 a v.4','J  0301.0000K 2200  0000 1970-1'),(230,15,'124','J301 .K22 1970-1','J307.3 .K22 1966','J  0301.0000K 2200  0000 1970-1','J  0307.3000K 2200  0000 1966'),(231,15,'125','J307.3 .K22 1966','JA18 .P76 1998-9','J  0307.3000K 2200  0000 1966','JA 0018.0000P 7600  0000 1998-9'),(232,15,'126','JA18 .P76 2000','JA84 .G7 C6','JA 0018.0000P 7600  0000 2000','JA 0084.0000G 7000C 6000'),(233,15,'127','JA84 .G7 D29 2016','JC311 .D48x 1956','JA 0084.0000G 7000D 2900 2016','JC 0311.0000D 4800  0000 x 1956'),(234,15,'128','JC311 .D594 2017','JC495 .C84 1983','JC 0311.0000D 5940  0000 2017','JC 0495.0000C 8400  0000 1983'),(235,15,'129','JC495 .D53 2013','JC599 .U5 W35 1981','JC 0495.0000D 5300  0000 2013','JC 0599.0000U 5000W 3500 1981'),(236,15,'130','JC599 .U5 W364 2007','JK1 .N28','JC 0599.0000U 5000W 3640 2007','JK 0001.0000N 2800  0000'),(237,15,'131','JK1 .N28','JK516 .H37','JK 0001.0000N 2800  0000','JK 0516.0000H 3700  0000'),(238,15,'132','JK516 .H4 1972','JK1562 .U5','JK 0516.0000H 4000  0000 1972','JK 1562.0000U 5000  0000'),(239,15,'133','JK1562 .U5','JK2403 .B6 v.36 2004','JK 1562.0000U 5000  0000','JK 2403.0000B 6000  0000 v.36 2004'),(240,15,'134','JK2403 .G68','JN3 .A5 v.58 2010','JK 2403.0000G 6800  0000','JN 0003.0000A 5000  0000 v.58 2010'),(241,15,'135','JN3 .A5 v.59 2011','JN1129 .C69 N53 1996','JN 0003.0000A 5000  0000 v.59 2011','JN 1129.0000C 6900N 5300 1996'),(242,15,'136','JN1129 .C7 B27 1995','JN5657 .L45 T36 2001','JN 1129.0000C 7000B 2700 1995','JN 5657.0000L 4500T 3600 2001'),(243,15,'137','JN5657 .L45 Z38 2011','JQ1519 .A5 L796 2002','JN 5657.0000L 4500Z 3800 2011','JQ 1519.0000A 5000L 7960 2002'),(244,15,'138','JQ1519 .A5 M33 2010','JS7499 .J653 K342 1978','JQ 1519.0000A 5000M 3300 2010','JS 7499.0000J 6530K 3420 1978'),(245,15,'139','JS7509.9 .K87 B39 2014','JX68 .J36 1997','JS 7509.9000K 8700B 3900 2014','JX 0068.0000J 3600  0000 1997'),(246,15,'140','JX68 .M3','JX1393 .N67 A74 1983','JX 0068.0000M 3000  0000','JX 1393.0000N 6700A 7400 1983'),(247,15,'141','JX1393 .N67 B77 1986','JX1974.7 .C35413 1988','JX 1393.0000N 6700B 7700 1986','JX 1974.7000C 3541  0000 1988'),(248,15,'142','JX 1974.7 .C36','JZ1305 .W54 2006','JX 1974.7000C 3600  0000','JZ 1305.0000W 5400  0000 2006'),(249,15,'143','JZ1305 .W545 2007','K2 .A5 v.93','JZ 1305.0000W 5450  0000 2007','K  0002.0000A 5000  0000 v.93'),(250,15,'144','K2 .A5 v.94','K3584.8 .C66 2016','K  0002.0000A 5000  0000 v.94','K  3584.8000C 6600  0000 2016'),(251,15,'145','K3584.8 .E68 1999','KF385 .P65 1992','K  3584.8000E 6800  0000 1999','KF 0385.0000P 6500  0000 1992'),(252,15,'146','KF386 .B4 1996','KF4755.5 .G73 2001','KF 0386.0000B 4000  0000 1996','KF 4755.5000G 7300  0000 2001'),(253,15,'147','KF4755.5 .K45 2006','KJE6247 .I58 1999','KF 4755.5000K 4500  0000 2006','KJE6247.0000I 5800  0000 1999'),(254,15,'148','KJE6249 .C56 2011','L11 .E463 v.35-37','KJE6249.0000C 5600  0000 2011','L  0011.0000E 4630  0000 v.35-37'),(255,15,'149','L11 .E465 v.21','L16 .J68 v.38','L  0011.0000E 4650  0000 v.21','L  0016.0000J 6800  0000 v.38'),(256,15,'150','L16 .J68 v.39','LA209.2 .M65','L  0016.0000J 6800  0000 v.39','LA 0209.2000M 6500  0000'),(257,15,'151','LA209.2 .N3','LA622 .W42 v.39','LA 0209.2000N 3000  0000','LA 0622.0000W 4200  0000 v.39'),(258,15,'152','LA622 .W42 v.40','LA2375 .F72 C683','LA 0622.0000W 4200  0000 v.40','LA 2375.0000F 7200C 6830'),(259,15,'153','LA2375 .F72 D364 2011 t.1','LB1025.2 .D85 1987','LA 2375.0000F 7200D 3640 2011 t.1','LB 1025.2000D 8500  0000 1987'),(260,15,'154','LB1025.2 .D86 1982','LB1028.3 .E76 2010','LB 1025.2000D 8600  0000 1982','LB 1028.3000E 7600  0000 2010'),(261,15,'155','LB1028.3 .E85x v.2-3','LB1048.5 .P766 2012','LB 1028.3000E 8500  0000 x v.2-3','LB 1048.5000P 7660  0000 2012'),(262,15,'156','LB1048.5 .P87 2015','LB1060 .S353 2011','LB 1048.5000P 8700  0000 2015','LB 1060.0000S 3530  0000 2011'),(263,15,'157','LB1060 .S55 2011','LB1141 .C5 v.62','LB 1060.0000S 5500  0000 2011','LB 1141.0000C 5000  0000 v.62'),(264,14,'158','LB1141 .C5 v.63-64','LB1590.3 .S63 2002','LB 1141.0000C 5000  0000 v.63-64','LB 1590.3000S 6300  0000 2002'),(265,14,'159','LB1590.3 .S78 1988','LB1811 .T27 2010','LB 1590.3000S 7800  0000 1988','LB 1811.0000T 2700  0000 2010'),(266,14,'160','LB1811 .T46 2010','LB2329.5 .S35 2015','LB 1811.0000T 4600  0000 2010','LB 2329.5000S 3500  0000 2015'),(267,14,'161','LB2329.5 .S63','LB2343 .S35 1970','LB 2329.5000S 6300  0000','LB 2343.0000S 3500  0000 1970'),(268,14,'162','LB2343 .S467 2014','LB2805 .I454 1996 pt.2','LB 2343.0000S 4670  0000 2014','LB 2805.0000I 4540  0000 1996 pt.2'),(269,14,'163','LB2805 .I4544 2008','LB2825 .C43 1983','LB 2805.0000I 4544  0000 2008','LB 2825.0000C 4300  0000 1983'),(270,14,'164','LB2825 .C53 1992','LB3048 .K6','LB 2825.0000C 5300  0000 1992','LB 3048.0000K 6000  0000'),(271,14,'165','LB3050 .A66x v.1','LC71 .N58 2008','LB 3050.0000A 6600  0000 x v.1','LC 0071.0000N 5800  0000 2008'),(272,14,'166','LC71 .O47 2004','LC196.5 .G8 C66 2001','LC 0071.0000O 4700  0000 2004','LC 0196.5000G 8000C 6600 2001'),(273,14,'167','LC196.5 .K67 2003','LC501 .G65 1992','LC 0196.5000K 6700  0000 2003','LC 0501.0000G 6500  0000 1992'),(274,14,'168','LC501 .G66 2015','LC2669 .E37 1998','LC 0501.0000G 6600  0000 2015','LC 2669.0000E 3700  0000 1998'),(275,14,'169','LC2669 .E39 2002','LC3991 .G54 v.16','LC 2669.0000E 3900  0000 2002','LC 3991.0000G 5400  0000 v.16'),(276,14,'170','LC3991 .G54 v.17','LC5101 .U7 v.26','LC 3991.0000G 5400  0000 v.17','LC 5101.0000U 7000  0000 v.26'),(277,14,'171','LC5101 .U7 v.27','LD2772.7 1869','LC 5101.0000U 7000  0000 v.27','LD 2772.7000  0000  0000 1869'),(278,14,'172','LD2772.7 .M38 M69 2011','LF2211 .C5 v.117','LD 2772.7000M 3800M 6900 2011','LF 2211.0000C 5000  0000 v.117'),(279,14,'173','LF2202 .L44 2018','M2 .R2381 v.96','LF 2202.0000L 4400  0000 2018','M  0002.0000R 2381  0000 v.96'),(280,14,'174','M2 .R2381 v.97','M3 .M65 1970 v.12','M  0002.0000R 2381  0000 v.97','M  0003.0000M 6500  0000 1970 v.12'),(281,14,'175','M3 .M65 1970 v.14, pt.1','M23 .P93 D7 1988','M  0003.0000M 6500  0000 1970 v.14, pt.1','M  0023.0000P 9300D 7000 1988'),(282,14,'176','M23 .S27 S6 1993','M1503 .S6974 C6 1979z','M  0023.0000S 2700S 6000 1993','M  1503.0000S 6974C 6000 1979z'),(283,14,'177','M1503 .S66 A8 1992','ML1 .A725 v.69','M  1503.0000S 6600A 8000 1992','ML 0001.0000A 7250  0000 v.69'),(284,14,'178','ML1 .A725 v.70','ML55 .H29','ML 0001.0000A 7250  0000 v.70','ML 0055.0000H 2900  0000'),(285,14,'179','ML55 .H44 1980','ML128 .R65 C66 1990','ML 0055.0000H 4400  0000 1980','ML 0128.0000R 6500C 6600 1990'),(286,14,'180','ML128 .S17 R87 1996','ML199 .R48 v.28','ML 0128.0000S 1700R 8700 1996','ML 0199.0000R 4800  0000 v.28'),(287,14,'181','ML199 .S55','ML410 .B5 B2 1969 v.1','ML 0199.0000S 5500  0000','ML 0410.0000B 5000B 2000 1969 v.1'),(288,14,'182','ML410 .B5 B2 1969 v.2','ML410 .P865 A3 2013','ML 0410.0000B 5000B 2000 1969 v.2','ML 0410.0000P 8650A 3000 2013'),(289,14,'183','ML410 .P865 A3 2017 t.1','ML420 .H247 W35 2000','ML 0410.0000P 8650A 3000 2017 t.1','ML 0420.0000H 2470W 3500 2000'),(290,14,'184','ML420 .H25 H3 1943','ML1737 .B83 2000','ML 0420.0000H 2500H 3000 1943','ML 1737.0000B 8300  0000 2000'),(291,14,'185','ML1737 .N37 2012','ML3754 .B75 2009','ML 1737.0000N 3700  0000 2012','ML 3754.0000B 7500  0000 2009'),(292,14,'186','ML3754.5 .P35 2013','MT70 .K37 1997','ML 3754.5000P 3500  0000 2013','MT 0070.0000K 3700  0000 1997'),(293,14,'187','MT70 .P56 1955','P3 .S6 v.46-47','MT 0070.0000P 5600  0000 1955','P  0003.0000S 6000  0000 v.46-47'),(294,14,'188','P3 .S6 v.48-49','P53 .E43 1984','P  0003.0000S 6000  0000 v.48-49','P  0053.0000E 4300  0000 1984'),(295,14,'189','P53 .E5','P92 .C5 C516 2003','P  0053.0000E 5000  0000','P  0092.0000C 5000C 5160 2003'),(296,14,'190','P92 .C5 H58','P99 .B285 1985','P  0092.0000C 5000H 5800','P  0099.0000B 2850  0000 1985'),(297,14,'191','P99 .B28613 1994','P115.2 .G458 2004','P  0099.0000B 2861  0000 1994','P  0115.2000G 4580  0000 2004'),(298,14,'192','P115.2 .H35 2015','P121 .S368213 1996','P  0115.2000H 3500  0000 2015','P  0121.0000S 3682  0000 1996'),(299,14,'193','P121 .S368213 1997','P217 .L37','P  0121.0000S 3682  0000 1997','P  0217.0000L 3700  0000'),(300,14,'194','P217 .L48x','P302 .S68','P  0217.0000L 4800  0000 x','P  0302.0000S 6800  0000'),(301,14,'195','P302 .S69','PA2 .R4 v.83','P  0302.0000S 6900  0000','PA 0002.0000R 4000  0000 v.83'),(302,14,'196','PA2 .R4 v.84','PA258 .H45 1888','PA 0002.0000R 4000  0000 v.84','PA 0258.0000H 4500  0000 1888'),(303,14,'197','PA258 .G56','PA2365 .E5 O9','PA 0258.0000G 5600  0000','PA 2365.0000E 5000O 9000'),(304,14,'198','PA2365 .E5 R4','PA3404 .E9 v.3','PA 2365.0000E 5000R 4000','PA 3404.0000E 9000  0000 v.3'),(305,14,'199','PA3404 .E9 v.3','PA3890 .A2 A9 v.1, pt.2a','PA 3404.0000E 9000  0000 v.3','PA 3890.0000A 2000A 9000 v.1, pt.2a'),(306,14,'200','PA3890 .A2 A9 v.1, pt.2b','PA4167 .B5 v.2','PA 3890.0000A 2000A 9000 v.1, pt.2b','PA 4167.0000B 5000  0000 v.2'),(307,14,'201','PA4167 .B57 2005','PA5201 .L49X v.31-40','PA 4167.0000B 5700  0000 2005','PA 5201.0000L 4900X 0000 v.31-40'),(308,14,'202','PA5201 .L49X v.41-50','PA6156 .S9 1979 v.2','PA 5201.0000L 4900X 0000 v.41-50','PA 6156.0000S 9000  0000 1979 v.2'),(309,14,'203','PA6156 .S9 1997 v.2','PA6452 .A21 R61 v.8','PA 6156.0000S 9000  0000 1997 v.2','PA 6452.0000A 2100R 6100 v.8'),(310,14,'204','PA6452 .A21 R61 v.9','PA6706 .A2 G6','PA 6452.0000A 2100R 6100 v.9','PA 6706.0000A 2000G 6000'),(311,14,'205','PA6706 .A3','PA8540 .L67 A7513 2009','PA 6706.0000A 3000  0000','PA 8540.0000L 6700A 7513 2009'),(312,14,'206','PA8540 .L8 1886','PB1001 .Z5 bd.33','PA 8540.0000L 8000  0000 1886','PB 1001.0000Z 5000  0000 bd.33'),(313,14,'207','PB1001 .Z5 bd.34','PB1399 .O924 D4 1991','PB 1001.0000Z 5000  0000 bd.34','PB 1399.0000O 9240D 4000 1991'),(314,14,'208','PB1399 .O93 A88 1962','PC839 .E38 D6','PB 1399.0000O 9300A 8800 1962','PC 0839.0000E 3800D 6000'),(315,14,'209','PC839 .E38 M313 1994','PC2585 .B35 1997','PC 0839.0000E 3800M 3130 1994','PC 2585.0000B 3500  0000 1997'),(316,14,'210','PC2585 .H77 1967','PC4112 .C4x 1995','PC 2585.0000H 7700  0000 1967','PC 4112.0000C 4000  0000 x 1995'),(317,14,'211','PC4112 .D4 1999','PE1 .E53 v.31','PC 4112.0000D 4000  0000 1999','PE 0001.0000E 5300  0000 v.31'),(318,14,'212','PE1 .E53 v.32','PE1085 .N56 2006','PE 0001.0000E 5300  0000 v.32','PE 1085.0000N 5600  0000 2006'),(319,14,'213','PE1085 .P45 1984','PE1405 .U6 W76 2002','PE 1085.0000P 4500  0000 1984','PE 1405.0000U 6000W 7600 2002'),(320,14,'214','PE1405 .U6 W77 2002','PE2801 .A6 v.51','PE 1405.0000U 6000W 7700 2002','PE 2801.0000A 6000  0000 v.51'),(321,14,'215','PE2801 .A6 v.52','PF3625 .G7','PE 2801.0000A 6000  0000 v.52','PF 3625.0000G 7000  0000'),(322,14,'216','PF3625 .G7','PG1619.29 .T55 R55 1999','PF 3625.0000G 7000  0000','PG 1619.2900T 5500R 5500 1999'),(323,14,'217','PG1619.31 .G7 A25 1993','PG2900 .M67 v.20-21','PG 1619.3100G 7000A 2500 1993','PG 2900.0000M 6700  0000 v.20-21'),(324,14,'218','PG2900 .M67 v.22-23','PG3051 .B24 1986','PG 2900.0000M 6700  0000 v.22-23','PG 3051.0000B 2400  0000 1986'),(325,14,'219','PG3051 .B69 1997','PG3332 .A1 1956','PG 3051.0000B 6900  0000 1997','PG 3332.0000A 1000  0000 1956'),(326,14,'220','PG3332 .A1 M4 1973','PG3420 .A1 1960 t.5','PG 3332.0000A 1000M 4000 1973','PG 3420.0000A 1000  0000 1960 t.5'),(327,14,'221','PG3420 .A1 1960 t.6','PG3476 .D344 T3 2002','PG 3420.0000A 1000  0000 1960 t.6','PG 3476.0000D 3440T 3000 2002'),(328,14,'222','PG3476 .D344 Z54 1999','PG3478 .L442 08 2003','PG 3476.0000D 3440Z 5400 1999','PG 3478.0000L 4420  0000 08 2003'),(329,14,'223','PG3478 .L443 A2 2019','PG3489.2 .L58 D48 2002','PG 3478.0000L 4430A 2000 2019','PG 3489.2000L 5800D 4800 2002'),(330,14,'224','PG3489.2 .L58 I85 2004','PJ5 .W6 bd.109','PG 3489.2000L 5800I 8500 2004','PJ 0005.0000W 6000  0000 bd.109'),(331,14,'225','PJ6 .O7 1961','PJ6640 .F24x 1962 v.2','PJ 0006.0000O 7000  0000 1961','PJ 6640.0000F 2400  0000 x 1962 v.2'),(332,14,'226','PJ6640 .K3 1971','PK8531 .M38 2003 v.18','PJ 6640.0000K 3000  0000 1971','PK 8531.0000M 3800  0000 2003 v.18'),(333,14,'227','PK8531 .M38 2003 v.19','PL1117 .C44 1967','PK 8531.0000M 3800  0000 2003 v.19','PL 1117.0000C 4400  0000 1967'),(334,14,'228','PL1117 .C46 1967','PL6446 .P84 1992','PL 1117.0000C 4600  0000 1967','PL 6446.0000P 8400  0000 1992'),(335,14,'229','PL6446 .W54 1997','PN2 .W55 v.10','PL 6446.0000W 5400  0000 1997','PN 0002.0000W 5500  0000 v.10'),(336,14,'230','PN2 .W55 v.11','PN49 .L5 v.49','PN 0002.0000W 5500  0000 v.11','PN 0049.0000L 5000  0000 v.49'),(337,14,'231','PN49 .L519 1987','PN56 .S5 P3913 1995','PN 0049.0000L 5190  0000 1987','PN 0056.0000S 5000P 3913 1995'),(338,14,'232','PN56 .S5 S43 2011','PN98 .F6 B46 2003','PN 0056.0000S 5000S 4300 2011','PN 0098.0000F 6000B 4600 2003'),(339,14,'233','PN98 .F6 B46 2020','PN466 .M365 2015','PN 0098.0000F 6000B 4600 2020','PN 0466.0000M 3650  0000 2015'),(340,14,'234','PN466 .M37 2008','PN685 .A68 1992','PN 0466.0000M 3700  0000 2008','PN 0685.0000A 6800  0000 1992'),(341,14,'235','PN685 .A68 1993','PN849 .E9 F5','PN 0685.0000A 6800  0000 1993','PN 0849.0000E 9000F 5000'),(342,14,'236','PN849 .E9 H575 2001','PN1055 .S65','PN 0849.0000E 9000H 5750 2001','PN 1055.0000S 6500  0000'),(343,14,'237','PN1055 .S68 1951','PN1991 .J6 v.29','PN 1055.0000S 6800  0000 1951','PN 1991.0000J 6000  0000 v.29'),(344,14,'238','PN1991 .J6 v.30','PN1993.5 .A1 P765 2009','PN 1991.0000J 6000  0000 v.30','PN 1993.5000A 1000P 7650 2009'),(345,14,'239','PN1993.5 .A1 R3 v.1','PN1995.9 .A26 N37 1988','PN 1993.5000A 1000R 3000 v.1','PN 1995.9000A 2600N 3700 1988'),(346,14,'240','PN1995.9 .A26 S36 1999','PN1997 .V537 1998','PN 1995.9000A 2600S 3600 1999','PN 1997.0000V 5370  0000 1998'),(347,14,'241','PN1997 .V6733','PN2001 .M3 v.16','PN 1997.0000V 6733  0000','PN 2001.0000M 3000  0000 v.16'),(348,14,'242','PN2001 .N48 v.1','PN2287 .B728 A35','PN 2001.0000N 4800  0000 v.1','PN 2287.0000B 7280A 3500'),(349,14,'243','PN2287 .C23 A33','PN2724 .G5912','PN 2287.0000C 2300A 3300','PN 2724.0000G 5912  0000'),(350,14,'244','PN2724 .L4 1994','PN3433.8 .P54 1987','PN 2724.0000L 4000  0000 1994','PN 3433.8000P 5400  0000 1987'),(351,14,'245','PN3433.8 .P544 1987','PN4145 .B74','PN 3433.8000P 5440  0000 1987','PN 4145.0000B 7400  0000'),(352,14,'246','PN4145 .C33','PN4861 .S3','PN 4145.0000C 3300  0000','PN 4861.0000S 3000  0000'),(353,14,'247','PN4861 .S65 2012','PN5144 .L44 1999','PN 4861.0000S 6500  0000 2012','PN 5144.0000L 4400  0000 1999'),(354,14,'248','PN5144 .M8','PN6110.7 .B47 2007','PN 5144.0000M 8000  0000','PN 6110.7000B 4700  0000 2007'),(355,14,'249','PN6111 .B35 v.1','PQ1 .S7x v.17','PN 6111.0000B 3500  0000 v.1','PQ 0001.0000S 7000  0000 x v.17'),(356,14,'250','PQ2 .A78x no.189','PQ265 .M355 2009','PQ 0002.0000A 7800  0000 x no.189','PQ 0265.0000M 3550  0000 2009'),(357,14,'251','PQ265 .M37 2003','PQ1184 .D42 1974b','PQ 0265.0000M 3700  0000 2003','PQ 1184.0000D 4200  0000 1974b'),(358,14,'252','PQ1184 .D88','PQ1641 .A1 1962','PQ 1184.0000D 8800  0000','PQ 1641.0000A 1000  0000 1962'),(359,14,'253','PQ1641 .A1 1965','PQ1951 .A8 E4 1976','PQ 1641.0000A 1000  0000 1965','PQ 1951.0000A 8000E 4000 1976'),(360,14,'254','PQ1954 .A54 A65','PQ2105 .A2 S8 v.113','PQ 1954.0000A 5400A 6500','PQ 2105.0000A 2000S 8000 v.113'),(361,14,'255','PQ2105 .A2 S8 v.114','PQ2247 .S3 v.3','PQ 2105.0000A 2000S 8000 v.114','PQ 2247.0000S 3000  0000 v.3'),(362,14,'256','PQ2247 .S313 t.1','PQ2370 .L443 2010','PQ 2247.0000S 3130  0000 t.1','PQ 2370.0000L 4430  0000 2010'),(363,14,'257','PQ2370 .L47 1999','PQ2601 .N67 N4','PQ 2370.0000L 4700  0000 1999','PQ 2601.0000N 6700N 4000'),(364,14,'258','PQ2601 .N67 N57','PQ2605 .O28 Z484 1984','PQ 2601.0000N 6700N 5700','PQ 2605.0000O 2800Z 4840 1984'),(365,14,'259','PQ2605 .O28 Z488 2003','PQ2623 .A555 B4','PQ 2605.0000O 2800Z 4880 2003','PQ 2623.0000A 5550B 4000'),(366,14,'260','PQ2623 .A59 H6','PQ2635 .E36 F4','PQ 2623.0000A 5900H 6000','PQ 2635.0000E 3600F 4000'),(367,14,'261','PQ2635 .E39 M4','PQ2663 .A38 Z56 2018 bd.1','PQ 2635.0000E 3900M 4000','PQ 2663.0000A 3800Z 5600 2018 bd.1'),(368,14,'262','PQ2663 .A38 Z57 2002','PQ2676 .A4684 M83 2014 (1)','PQ 2663.0000A 3800Z 5700 2002','PQ 2676.0000A 4684M 8300 2014 (1)'),(369,14,'263','PQ2676 .A4684 M83 2014 (3)','PQ3946 .C44x 1976 v.3','PQ 2676.0000A 4684M 8300 2014 (3)','PQ 3946.0000C 4400  0000 x 1976 v.3'),(370,14,'264','PQ3949 .C47 Z87 2020','PQ4087 .S34','PQ 3949.0000C 4700Z 8700 2020','PQ 4087.0000S 3400  0000'),(371,14,'265','PQ4087 .S35 2016','PQ4390 .J33','PQ 4087.0000S 3500  0000 2016','PQ 4390.0000J 3300  0000'),(372,14,'266','PQ4390 .J4','PQ4708 .A1 1949 v.1','PQ 4390.0000J 4000  0000','PQ 4708.0000A 1000  0000 1949 v.1'),(373,14,'267','PQ4708 .A1 1949 v.2','PQ4835 .A846 Z57968 2019','PQ 4708.0000A 1000  0000 1949 v.2','PQ 4835.0000A 8460Z 5796 2019'),(374,14,'268','PQ4835 .A846 Z75 1984','PQ4879 .C333 B38 2006','PQ 4835.0000A 8460Z 7500 1984','PQ 4879.0000C 3330B 3800 2006'),(375,14,'269','PQ4879 .C333 B38 2015','PQ6073 .N6 M64','PQ 4879.0000C 3330B 3800 2015','PQ 6073.0000N 6000M 6400'),(376,14,'270','PQ6073 .N6 R5','PQ6388 .C9 A6 1965','PQ 6073.0000N 6000R 5000','PQ 6388.0000C 9000A 6000 1965'),(377,14,'271','PQ6388 .C9 C9 1980','PQ6621 .A38 N313 1993','PQ 6388.0000C 9000C 9000 1980','PQ 6621.0000A 3800N 3130 1993'),(378,14,'272','PQ6621 .A38 Z7','PQ7082 .N7 M4 1970','PQ 6621.0000A 3800Z 7000','PQ 7082.0000N 7000M 4000 1970'),(379,14,'273','PQ7082 .N7 M43 2012','PQ7389 .L49 Z48 2000','PQ 7082.0000N 7000M 4300 2012','PQ 7389.0000L 4900Z 4800 2000'),(380,14,'274','PQ7389 .L49 Z531 2015','PQ7820 .P39 P35 2006','PQ 7389.0000L 4900Z 5310 2015','PQ 7820.0000P 3900P 3500 2006'),(381,14,'275','PQ7820 .P39 S44 2015','PQ8544 .Z5 F7','PQ 7820.0000P 3900S 4400 2015','PQ 8544.0000Z 5000F 7000'),(382,14,'276','PQ8545 .C3','PR1 .W67 1996-7','PQ 8545.0000C 3000  0000','PR 0001.0000W 6700  0000 1996-7'),(383,14,'277','PR1 .W67 1997-8','PR151 .J5 P3','PR 0001.0000W 6700  0000 1997-8','PR 0151.0000J 5000P 3000'),(384,14,'278','PR151 .J5 R6','PR457 .J25 1989','PR 0151.0000J 5000R 6000','PR 0457.0000J 2500  0000 1989'),(385,14,'279','PR457 .I44 1992','PR605 .W6 C65 2002 v.3','PR 0457.0000I 4400  0000 1992','PR 0605.0000W 6000C 6500 2002 v.3'),(386,14,'280','PR605 .W6 C66 2000','PR851 .S43 2012','PR 0605.0000W 6000C 6600 2000','PR 0851.0000S 4300  0000 2012'),(387,14,'281','PR851 .S52 2001','PR1119 .E5 no.99','PR 0851.0000S 5200  0000 2001','PR 1119.0000E 5000  0000 no.99'),(388,14,'282','PR1119 .E5 no.100','PR1297 .A6','PR 1119.0000E 5000  0000 no.100','PR 1297.0000A 6000  0000'),(389,14,'283','PR1297 .B57 1995','PR2143 .S54 R48 2011','PR 1297.0000B 5700  0000 1995','PR 2143.0000S 5400R 4800 2011'),(390,14,'284A','PR2143 .S543 G6','PR2321 .A1 1963 v.10','PR 2143.0000S 5430G 6000','PR 2321.0000A 1000  0000 1963 v.10'),(391,14,'284B','PR2321 .A1 1963 v.11','PR 2400 .A2','PR 2321.0000A 1000  0000 1963 v.11','PR 2400.0000A 2000  0000'),(392,14,'285A','PR2400 .A2 1854','PR2642 .D56 H9 1977','PR 2400.0000A 2000  0000 1854','PR 2642.0000D 5600H 9000 1977'),(393,14,'285B','PR2642 .D7 B46 1999','PR2753 .F5 v.25','PR 2642.0000D 7000B 4600 1999','PR 2753.0000F 5000  0000 v.25'),(394,14,'286A','PR2753 .F5 v.26','PR2807 .L395 2008','PR 2753.0000F 5000  0000 v.26','PR 2807.0000L 3950  0000 2008'),(395,14,'286B','PR2807 .L47 2017','PR2834 .A2 K57 2001','PR 2807.0000L 4700  0000 2017','PR 2834.0000A 2000K 5700 2001'),(396,14,'287A','PR2834 .A2 M3 1968','PR2888 .C3 v.73','PR 2834.0000A 2000M 3000 1968','PR 2888.0000C 3000  0000 v.73'),(397,14,'287B','PR2888 .L5 v.5','PR2923 1955 .S7','PR 2888.0000L 5000  0000 v.5','PR 2923.0000  0000  0000 1955 .S7'),(398,14,'288A','PR2923 .M46 2018','PR2976 .S324','PR 2923.0000M 4600  0000 2018','PR 2976.0000S 3240  0000'),(399,14,'288B','PR2976 .S325 1988','PR2995 .W45 2008','PR 2976.0000S 3250  0000 1988','PR 2995.0000W 4500  0000 2008'),(400,14,'289A','PR2997 .A3 B29','PR3077 .T83 2020','PR 2997.0000A 3000B 2900','PR 3077.0000T 8300  0000 2020'),(401,14,'289B','PR3077 .W48 2008','PR3316 .A4 Z552 v.2','PR 3077.0000W 4800  0000 2008','PR 3316.0000A 4000Z 5520 v.2'),(402,14,'290','PR3316 .A4 Z552 v.3','PR3507 .A4 S44 2009','PR 3316.0000A 4000Z 5520 v.3','PR 3507.0000A 4000S 4400 2009'),(403,14,'291','PR3507 .D78 2013','PR3613 .M86 1995','PR 3507.0000D 7800  0000 2013','PR 3613.0000M 8600  0000 1995'),(404,14,'292','PR3614 .T3','PR4052 .A4 1986','PR 3614.0000T 3000  0000','PR 4052.0000A 4000  0000 1986'),(405,14,'293','PR4052 .F4 1845','PR4351 .M5 v.1','PR 4052.0000F 4000  0000 1845','PR 4351.0000M 5000  0000 v.1'),(406,14,'294','PR4351 .M5 v.2','PR4556 .A86 2008','PR 4351.0000M 5000  0000 v.2','PR 4556.0000A 8600  0000 2008'),(407,14,'295','PR4556 .F66 1993','PR4750 .T7 1905','PR 4556.0000F 6600  0000 1993','PR 4750.0000T 7000  0000 1905'),(408,14,'296','PR4750 .T7 1975','PR4879 .L7 I5 2018','PR 4750.0000T 7000  0000 1975','PR 4879.0000L 7000I 5000 2018'),(409,14,'297','PR4879 .L7 L6x 1977 v.1','PR5263 .A2','PR 4879.0000L 7000L 6000 x 1977 v.1','PR 5263.0000A 2000  0000'),(410,14,'298','PR5263 .A2 2016','PR5506 .P6','PR 5263.0000A 2000  0000 2016','PR 5506.0000P 6000  0000'),(411,14,'299','PR5506 .P6','PR5885 .W67 1987','PR 5506.0000P 6000  0000','PR 5885.0000W 6700  0000 1987'),(412,14,'300','PR5885 .W6','PR6005 .O39 P6','PR 5885.0000W 6000  0000','PR 6005.0000O 3900P 6000'),(413,14,'301','PR6005 .O3926 S5 1934a','PR6015 .I53 S6 1945','PR 6005.0000O 3926S 5000 1934a','PR 6015.0000I 5300S 6000 1945'),(414,14,'302','PR6015 .I53 S7 1943','PR6023 .E926 Z588 2012','PR 6015.0000I 5300S 7000 1943','PR 6023.0000E 9260Z 5880 2012'),(415,14,'303','PR6023 .E926 Z596 2006','PR6035 .E45 N4x','PR 6023.0000E 9260Z 5960 2006','PR 6035.0000E 4500N 4000 x'),(416,14,'304','PR6035 .E55 B8 1962','PR6045 .O72 Z8783 2006','PR 6035.0000E 5500B 8000 1962','PR 6045.0000O 7200Z 8783 2006'),(417,14,'305','PR6045 .O72 Z8785 1985','PR6056 .I87 W7 2000','PR 6045.0000O 7200Z 8785 1985','PR 6056.0000I 8700W 7000 2000'),(418,14,'306','PR6056 .I87 I57 2009','PR6065 .S53 I4 1985','PR 6056.0000I 8700I 5700 2009','PR 6065.0000S 5300I 4000 1985'),(419,14,'307','PR6065 .S54 A17 2013','PR6119 .M5765 F56 2013','PR 6065.0000S 5400A 1700 2013','PR 6119.0000M 5765F 5600 2013'),(420,14,'308','PR6119 .M58 B56 2006','PR9130.9 .G8 Z93 2015','PR 6119.0000M 5800B 5600 2006','PR 9130.9000G 8000Z 9300 2015'),(421,14,'309','PR9130.9 .K45 F7 2007','PR9340.5 .M67 1992','PR 9130.9000K 4500F 7000 2007','PR 9340.5000M 6700  0000 1992'),(422,14,'310','PR9340.5 .M87 2012','PS78 .N63 2002','PR 9340.5000M 8700  0000 2012','PS 0078.0000N 6300  0000 2002'),(423,14,'311','PS79 .O38 2003','PS228 .P74 R67 2003','PS 0079.0000O 3800  0000 2003','PS 0228.0000P 7400R 6700 2003'),(424,14,'312','PS228 .R3 A52','PS374 .S35 N34 1993','PS 0228.0000R 3000A 5200','PS 0374.0000S 3500N 3400 1993'),(425,14,'313','PS374 .S35 P55 2003','PS611 .S5','PS 0374.0000S 3500P 5500 2003','PS 0611.0000S 5000  0000'),(426,14,'314','PS611 .U6','PS1130 .E87 v.6','PS 0611.0000U 6000  0000','PS 1130.0000E 8700  0000 v.6'),(427,14,'315','PS1130 .F77 v.1','PS1631 .C8 1973','PS 1130.0000F 7700  0000 v.1','PS 1631.0000C 8000  0000 1973'),(428,14,'316','PS1631 .A37 1990 v.1','PS2250 .L851','PS 1631.0000A 3700  0000 1990 v.1','PS 2250.0000L 8510  0000'),(429,14,'317','PS2250 .L852','PS3113 .U7 A5','PS 2250.0000L 8520  0000','PS 3113.0000U 7000A 5000'),(430,14,'318','PS3114 .V43 M6','PS3505 .R272 Z49 1972','PS 3114.0000V 4300M 6000','PS 3505.0000R 2720Z 4900 1972'),(431,14,'319','PS3505 .R272 Z54 1965','PS3515 .A156 Q4 1939','PS 3505.0000R 2720Z 5400 1965','PS 3515.0000A 1560Q 4000 1939'),(432,14,'320','PS3515 .A156 Q4 1939','PS3525 .A96 S6 1894','PS 3515.0000A 1560Q 4000 1939','PS 3525.0000A 9600S 6000 1894'),(433,14,'321','PS3525 .A9775 Z46 2010','PS3537 .A832 Z83 1997','PS 3525.0000A 9775Z 4600 2010','PS 3537.0000A 8320Z 8300 1997'),(434,14,'322','PS3537 .A832 Z85','PS3551 .D63 A6 2015','PS 3537.0000A 8320Z 8500','PS 3551.0000D 6300A 6000 2015'),(435,14,'323','PS3551 .D63 P5 1983','PS3553 .0582 U35 2009','PS 3551.0000D 6300P 5000 1983','PS 3553.0000O 5900G 7300 1994'),(436,14,'324','PS3553 .O59 G74 1994','PS3558 .I4526 B75 1993','PS 3553.0000O 5900G 7400 1994','PS 3558.0000I 4526B 7500 1993'),(437,14,'325','PS3558 .I4526 D4 1992','PS3563 .O392 36 2010','PS 3558.0000I 4526D 4000 1992','PS 3563.0000O 3920  0000 36 2010'),(438,14,'326','PS3563 .O392 37 2010','PS3568 .I3178 R4','PS 3563.0000O 3920  0000 37 2010','PS 3568.0000I 3178R 4000'),(439,14,'327','PS3568 .I3188 C79 1990','PS3572 .I19 B58 2014','PS 3568.0000I 3188C 7900 1990','PS 3572.0000I 1900B 5800 2014'),(440,14,'328','PS3572 .I29 A6 2016','PS3619 .H35 S28 2001','PS 3572.0000I 2900A 6000 2016','PS 3619.0000H 3500S 2800 2001'),(441,14,'329','PS3619 .H35474 A6 2016','PT1863 .V6 E5 1985','PS 3619.0000H 3547A 6000 2016','PT 1863.0000V 6000E 5000 1985'),(442,14,'330','PT1863 .Z5 S3','PT2459 .Z8867 1994 t.1','PT 1863.0000Z 5000S 3000','PT 2459.0000Z 8867  0000 1994 t.1'),(443,14,'331','PT2459.29 .W53x 1988','PT2616 .Z3 L4 v.2','PT 2459.2900W 5300  0000 x 1988','PT 2616.0000Z 3000L 4000 v.2'),(444,14,'332','PT2616 .Z3 L4 v.3','PT2668 .E3747 T78 2017','PT 2616.0000Z 3000L 4000 v.3','PT 2668.0000E 3747T 7800 2017'),(445,14,'333','PT2668 .E3747 U24 2016','PT9960 .H5 v.40','PT 2668.0000E 3747U 2400 2016','PT 9960.0000H 5000  0000 v.40'),(630,13,'1','A121 .S273 F86 1987','AP2 .N6763 v.77','A  0121.0000S 2730F 8600 1987','AP 0002.0000N 6763  0000 v.77'),(631,13,'2','AP2 .N6763 v.78','AP4 .T17 v.238','AP 0002.0000N 6763  0000 v.78','AP 0004.0000T 1700  0000 v.238'),(632,13,'3','AP4 .T17 v.239','AP30 .S535 v.49','AP 0004.0000T 1700  0000 v.239','AP 0030.0000S 5350  0000 v.49'),(633,13,'4','AP30 .S535 v.50','AP37 .V38 v.33','AP 0030.0000S 5350  0000 v.50','AP 0037.0000V 3800  0000 v.33'),(634,13,'5','AP37 .V38 v.34','AP63 .C6697 v.801','AP 0037.0000V 3800  0000 v.34','AP 0063.0000C 6697  0000 v.801'),(635,13,'6','AP63 .C6697 v.802','AZ195 .D54 2012','AP 0063.0000C 6697  0000 v.802','AZ 0195.0000D 5400  0000 2012'),(636,13,'7','AZ195 .D545 2012','B1 .M65 v.114','AZ 0195.0000D 5450  0000 2012','B  0001.0000M 6500  0000 v.114'),(637,13,'8','B1 .M675 v.38','B2 .R18 v.188','B  0001.0000M 6750  0000 v.38','B  0002.0000R 1800  0000 v.188'),(638,13,'9','B2 .R18 v.189','B3 .P67 v.64','B  0002.0000R 1800  0000 v.189','B  0003.0000P 6700  0000 v.64'),(639,13,'10','B3 .P672 v.2','B8 .N6 v.47','B  0003.0000P 6720  0000 v.2','B  0008.0000N 6000  0000 v.47'),(640,13,'11','B8 .N6 v.48','B31 .W5 bd.50 2018','B  0008.0000N 6000  0000 v.48','B  0031.0000W 5000  0000 bd.50 2018'),(641,13,'12','B32 .Q45 bd.33','B105 .C477 D45 1991','B  0032.0000Q 4500  0000 bd.33','B  0105.0000C 4770D 4500 1991'),(642,13,'13','B105 .C477 E45 2010','B173 .P46x 1996 bd.2','B  0105.0000C 4770E 4500 2010','B  0173.0000P 4600  0000 x 1996 bd.2'),(643,13,'14','B173 .P49 1983 bd.1','B398 .S7 E77 2001','B  0173.0000P 4900  0000 1983 bd.1','B  0398.0000S 7000E 7700 2001'),(644,13,'15','B398 .S7 F477 2003','B693 .Z7 C67 2005','B  0398.0000S 7000F 4770 2003','B  0693.0000Z 7000C 6700 2005'),(645,13,'16','B693 .Z7 D48 2010','B765 .J44 N43 2005','B  0693.0000Z 7000D 4800 2010','B  0765.0000J 4400N 4300 2005'),(646,13,'17','B765 .K54 C66 2013','B785 .W3 2003 v.5','B  0765.0000K 5400C 6600 2013','B  0785.0000W 3000  0000 2003 v.5'),(647,13,'18','B785 .W34 E74 2014','B809.3 .A1 C74 v.14','B  0785.0000W 3400E 7400 2014','B  0809.3000A 1000C 7400 v.14'),(648,13,'19','B809.3 .A1 C74 v.15','B829.5 .A1 N48 v.12 2012','B  0809.3000A 1000C 7400 v.15','B  0829.5000A 1000N 4800 v.12 2012'),(649,13,'20','B829.5 .A1 P43 v.1','B908 .B6 1882 v.17','B  0829.5000A 1000P 4300 v.1','B  0908.0000B 6000  0000 1882 v.17'),(650,13,'21','B908 .B6 1882 v.18','B995 .L654 M37 2014','B  0908.0000B 6000  0000 1882 v.18','B  0995.0000L 6540M 3700 2014'),(651,13,'22','B995 .L654 R39 2015','B1574 .B34 R44x 1993','B  0995.0000L 6540R 3900 2015','B  1574.0000B 3400R 4400 x 1993'),(652,13,'23','B1574 .B34 S36 2009','B1959 .B6 1971 v.2','B  1574.0000B 3400S 3600 2009','B  1959.0000B 6000  0000 1971 v.2'),(653,13,'24','B1959 .B6 1971 v.3','B2430 .L484 L488 2009','B  1959.0000B 6000  0000 1971 v.3','B  2430.0000L 4840L 4880 2009'),(654,13,'25','B2430 .L484 L525 2013','B2637 .M53 B38 1999','B  2430.0000L 4840L 5250 2013','B  2637.0000M 5300B 3800 1999'),(655,13,'26','B2637 .Z7 A7 2017','B2799 .P7 A53','B  2637.0000Z 7000A 7000 2017','B  2799.0000P 7000A 5300'),(656,13,'27','B2799 .P7 A53 2000','B2949 .S54 S55x 1996','B  2799.0000P 7000A 5300 2000','B  2949.0000S 5400S 5500 x 1996'),(657,13,'28','B2949 .S54 V54 2007','B3279 .H462 1975 AbT.4 Bd.88','B  2949.0000S 5400V 5400 2007','B  3279.0000H 4620  0000 1975 AbT.4 Bd.88'),(658,13,'29','B3279 .H462 1975 AbT.4 Bd.88','B3293 .S8 1989 bd.1','B  3279.0000H 4620  0000 1975 AbT.4 Bd.88','B  3293.0000S 8000  0000 1989 bd.1'),(659,13,'30','B3293 .S82 E5 1980 v.1','B3332 .S67 2000 bd.16','B  3293.0000S 8200E 5000 1980 v.1','B  3332.0000S 6700  0000 2000 bd.16'),(660,13,'31','B3332 .S67 2000 bd.17','B4378 .I76 M27 2001','B  3332.0000S 6700  0000 2000 bd.17','B  4378.0000I 7600M 2700 2001'),(661,13,'32','B4378 .I76 S74 2015','BC177 .K375 1993','B  4378.0000I 7600S 7400 2015','BC 0177.0000K 3750  0000 1993'),(662,13,'33','BC177 .K52 1994','BD212 .S95 2001','BC 0177.0000K 5200  0000 1994','BD 0212.0000S 9500  0000 2001'),(663,13,'34','BD212.5 C53 2010','BD431 .R877 2017','BD 0212.5000C 5300  0000 2010','BD 0431.0000R 8770  0000 2017'),(664,13,'35','BD431 .S275 1978','BF1 .A54 v.34','BD 0431.0000S 2750  0000 1978','BF 0001.0000A 5400  0000 v.34'),(665,13,'36','BF1 .A54 v.35','BF8 .R8 V6 2002','BF 0001.0000A 5400  0000 v.35','BF 0008.0000R 8000V 6000 2002'),(666,13,'37','BF11 .A62 1972','BF172 .P37 1998','BF 0011.0000A 6200  0000 1972','BF 0172.0000P 3700  0000 1998'),(667,13,'38','BF173 .A2 A63 v.8','BF204 .H859 1994','BF 0173.0000A 2000A 6300 v.8','BF 0204.0000H 8590  0000 1994'),(668,13,'39','BF204 .H867','BF311 .W2659 1991','BF 0204.0000H 8670  0000','BF 0311.0000W 2659  0000 1991'),(669,13,'40','BF311 .W2659 1995','BF449 .S67 2004','BF 0311.0000W 2659  0000 1995','BF 0449.0000S 6700  0000 2004'),(670,13,'41','BF449 .T68 1991','BF637 .C45 G44 2002','BF 0449.0000T 6800  0000 1991','BF 0637.0000C 4500G 4400 2002'),(671,13,'42','BF637 .C45 G45','BF698.4 .J67 v.69','BF 0637.0000C 4500G 4500','BF 0698.4000J 6700  0000 v.69'),(672,13,'43','BF698.4 .J67 v.70','BF723 .S75 H843 1988','BF 0698.4000J 6700  0000 v.70','BF 0723.0000S 7500H 8430 1988'),(673,13,'44','BF723 .S75 L48 1996','BF1591 .F593 2004','BF 0723.0000S 7500L 4800 1996','BF 1591.0000F 5930  0000 2004'),(674,13,'45','BF1591 .F75 1987','BJ45 .S63 2011','BF 1591.0000F 7500  0000 1987','BJ 0045.0000S 6300  0000 2011'),(675,13,'46','BJ45 .S635 2012','BJ1249 .C78 2008','BJ 0045.0000S 6350  0000 2012','BJ 1249.0000C 7800  0000 2008'),(676,13,'47','BJ1249 .C813 1993','BJ1533 .F8 M66 1987','BJ 1249.0000C 8130  0000 1993','BJ 1533.0000F 8000M 6600 1987'),(677,13,'48','BJ1533 .F8 N44 2016','BL31 .1998 register','BJ 1533.0000F 8000N 4400 2016','BL 0031.0000  0000  0000 register'),(678,13,'49','BL31 .W67 1998','BL65 .P7 R4584 2018','BL 0031.0000W 6700  0000 1998','BL 0065.0000P 7000R 4584 2018'),(679,13,'50','BL65 .P7 S38 2009','BL624 .S788 v.29 2019','BL 0065.0000P 7000S 3800 2009','BL 0624.0000S 7880  0000 v.29 2019'),(680,13,'51','BL624 .S788','BL2017.4 .A5 1964 v.4','BL 0624.0000S 7880  0000','BL 2017.4000A 5000  0000 1964 v.4'),(681,13,'52','BL2017.424 .N38 2007','BM160 .B55 1993','BL 2017.4240N 3800  0000 2007','BM 0160.0000B 5500  0000 1993'),(682,13,'53','BM160 .E58 2013 v.1','BM520.65 .D66 2002','BM 0160.0000E 5800  0000 2013 v.1','BM 0520.6500D 6600  0000 2002'),(683,13,'54','BM520.7 .B25 2000','BM755 .S525 E855 2015','BM 0520.7000B 2500  0000 2000','BM 0755.0000S 5250E 8550 2015'),(684,13,'55','BM755 .S525 F69 1992','BP172 .M49 2008','BM 0755.0000S 5250F 6900 1992','BP 0172.0000M 4900  0000 2008'),(685,13,'56','BP172 .M493 2010','BQ4012 .N43 1999','BP 0172.0000M 4930  0000 2010','BQ 4012.0000N 4300  0000 1999'),(686,13,'57','BQ4012 .P73','BR1 .C6418 v.62','BQ 4012.0000P 7300  0000','BR 0001.0000C 6418  0000 v.62'),(687,13,'58','BR1 .C64183 H64 1983','BR4 .T38 v.86','BR 0001.0000C 6418H 6400 1983','BR 0004.0000T 3800  0000 v.86'),(688,13,'59','BR4 .T38 v.87','BR60 .A35 v.75','BR 0004.0000T 3800  0000 v.87','BR 0060.0000A 3500  0000 v.75'),(689,13,'60','BR60 A.52 v.3','BR60 .M5 v.114','BR 0060.0000A 0000  0000 .52 v.3','BR 0060.0000M 5000  0000 v.114'),(690,13,'61','BR60 .M5 v.115','BR65 .A12 M42 1989','BR 0065.0000A 1200M 4200 1989','BR 0065.0000A 7283  0000 1997'),(691,13,'62','SHELVING AREA A-DZ','SHELVING AREA A-DZ','SHE0000.0000LVING0000AREA0000 A-DZ','SHE0000.0000LVING0000AREA0000 A-DZ'),(692,13,'63','BR65 .A72835 1997','BR75 .H6 1845 V.3','BR 0065.0000A 7283  0000 1997','BR 0075.0000H 6000  0000 1845 V.3'),(693,13,'64','BR75 .I8 v.1','BR115 .L32 T44 2011','BR 0075.0000I 8000  0000 v.1','BR 0115.0000L 3200T 4400 2011'),(694,13,'65','BR115 .L54 A76 2017','BR140 .C74 v.33','BR 0115.0000L 5400A 7600 2017','BR 0140.0000C 7400  0000 v.33'),(695,13,'66','BR140 .C74 v.34','BR195 .S6 S3','BR 0140.0000C 7400  0000 v.34','BR 0195.0000S 6000S 3000'),(696,13,'67','BR195 .P74 R63 1992','BR333.2 .R38x 1991','BR 0195.0000P 7400R 6300 1992','BR 0333.2000R 3800  0000 x 1991'),(697,13,'68','BR333.2 .S713','BR570 .E6 v.195','BR 0333.2000S 7130  0000','BR 0570.0000E 6000  0000 v.195'),(698,13,'69','BR570 .M46 1996','BR1070 .B74 v.67','BR 0570.0000M 4600  0000 1996','BR 1070.0000B 7400  0000 v.67'),(699,13,'70','BR1070 .R43','BS230 1865','BR 1070.0000R 4300  0000','BS 0230.0000  0000  0000 1865'),(700,13,'71','BS230 1874','BS410 .Z5 bd.521','BS 0230.0000  0000  0000 1874','BS 0410.0000Z 5000  0000 bd.521'),(701,13,'72','BS410 .Z6 v.61','BS500 .O43 1997','BS 0410.0000Z 6000  0000 v.61','BS 0500.0000O 4300  0000 1997'),(702,13,'73','BS500 .P37 2016','BS680 .L33 B35 2000','BS 0500.0000P 3700  0000 2016','BS 0680.0000L 3300B 3500 2000'),(703,13,'74','BS680 .L33 B55x','BS1199 .E8 B375 2003','BS 0680.0000L 3300B 5500 x','BS 1199.0000E 8000B 3750 2003'),(704,13,'75','BS1199 .E27 B74 2014','BS1295.2 .A95 1998','BS 1199.0000E 2700B 7400 2014','BS 1295.2000A 9500  0000 1998'),(705,13,'76','BS1295.2 .B46x 1995','BS1560 .K56 1988','BS 1295.2000B 4600  0000 x 1995','BS 1560.0000K 5600  0000 1988'),(706,13,'77','BS1560 .K5','BS2455 .Y6','BS 1560.0000K 5000  0000','BS 2455.0000Y 6000  0000'),(707,13,'78','BS2456 .C48 2012','BS2595.53 .A33 2016','BS 2456.0000C 4800  0000 2012','BS 2595.5300A 3300  0000 2016'),(708,13,'79','BS2595.53 .B6613 2001','BS2705.55 .F6 2010','BS 2595.5300B 6613  0000 2001','BS 2705.5500F 6000  0000 2010'),(709,13,'80','BS2705.6 .C584 H65 2001','BT50 .K37 2016','BS 2705.6000C 5840H 6500 2001','BT 0050.0000K 3700  0000 2016'),(710,13,'81','BT50 .K57 2008','BT83.6 .H84 1998','BT 0050.0000K 5700  0000 2008','BT 0083.6000H 8400  0000 1998'),(711,13,'82','BT83.6 .J33 1998','BT155 .E43 M47 2014','BT 0083.6000J 3300  0000 1998','BT 0155.0000E 4300M 4700 2014'),(712,13,'83','BT155 .G75 2016','BT303.2 .B373 B836 2007','BT 0155.0000G 7500  0000 2016','BT 0303.2000B 3730B 8360 2007'),(713,13,'84','BT303.2 B46 2007 t.1','BT613 .M29x 1989','BT 0303.2000B 4600  0000 2007 t.1','BT 0613.0000M 2900  0000 x 1989'),(714,13,'85','BT613 .M324 1991','BT738 .C43 2019','BT 0613.0000M 3240  0000 1991','BT 0738.0000C 4300  0000 2019'),(715,13,'86','BT738 .C47 v.1','BT980 .W2 1974','BT 0738.0000C 4700  0000 v.1','BT 0980.0000W 2000  0000 1974'),(716,13,'87','BT981 .C49 1986','BV170 .H5 v.34','BT 0981.0000C 4900  0000 1986','BV 0170.0000H 5000  0000 v.34'),(717,13,'88','BV170 .H5 v.35','BV710 .A61 v.38','BV 0170.0000H 5000  0000 v.35','BV 0710.0000A 6100  0000 v.38'),(718,13,'89','BV710 .A61 v.39','BV2110 .D54 2005','BV 0710.0000A 6100  0000 v.39','BV 2110.0000D 5400  0000 2005'),(719,13,'90','BV2110 .R44 2005','BV4012.2 .C85','BV 2110.0000R 4400  0000 2005','BV 4012.2000C 8500  0000'),(720,13,'91','BV4012.2 .D39 1998','BV4526.2 .B44 2002','BV 4012.2000D 3900  0000 1998','BV 4526.2000B 4400  0000 2002'),(721,13,'92','BV4526.2 .B6825 1997','BV5080 .H5213','BV 4526.2000B 6825  0000 1997','BV 5080.0000H 5213  0000'),(722,13,'93','BV5080 .H5313 1994','BX800 .A1 G7 v.71','BV 5080.0000H 5313  0000 1994','BX 0800.0000A 1000G 7000 v.71'),(723,13,'94','BX800 .A1 G7 v.72','BX802 .L3 v.58','BX 0800.0000A 1000G 7000 v.72','BX 0802.0000L 3000  0000 v.58'),(724,13,'95','BX802 .L3 v.59','BX841 .W38 bd.13','BX 0802.0000L 3000  0000 v.59','BX 0841.0000W 3800  0000 bd.13'),(725,13,'96','BX841 .W41 v.9','BX890 .D65 1997 bd.4','BX 0841.0000W 4100  0000 v.9','BX 0890.0000D 6500  0000 1997 bd.4'),(726,13,'97','BX890 .D72 1969 v.1','BX955 .G81 v.5','BX 0890.0000D 7200  0000 1969 v.1','BX 0955.0000G 8100  0000 v.5'),(727,13,'98','BX955 .G83','BX1406.2 .H5','BX 0955.0000G 8300  0000','BX 1406.2000H 5000  0000'),(728,13,'99','BX1406.2 .H57 1988','BX1529 .G34 v.4','BX 1406.2000H 5700  0000 1988','BX 1529.0000G 3400  0000 v.4'),(729,13,'100','BX1529 .G34 v.5','BX1747.5 .C48 1982','BX 1529.0000G 3400  0000 v.5','BX 1747.5000C 4800  0000 1982'),(730,13,'101','BX1747.5 .F348 2009 v.1','BX1750 .A1 E5 v.368','BX 1747.5000F 3480  0000 2009 v.1','BX 1750.0000A 1000E 5000 v.368'),(731,13,'102','BX1750 .A1 E5 v.369','BX1756 .A2 L35','BX 1750.0000A 1000E 5000 v.369','BX 1756.0000A 2000L 3500'),(732,13,'103','BX1756 .A2 O7','BX1795 .H82 C67 2011','BX 1756.0000A 2000O 7000','BX 1795.0000H 8200C 6700 2011'),(733,13,'104','BX1795 .H82 E36 2008','BX1939 .C332 56th','BX 1795.0000H 8200E 3600 2008','BX 1939.0000C 3320  0000 56th'),(734,13,'105','BX1939 .C332 57th','BX2179 .L8 N67 1983','BX 1939.0000C 3320  0000 57th','BX 2179.0000L 8000N 6700 1983'),(735,13,'106','BX2179 .L8 N67','BX2350 .A1 C7 v.26','BX 2179.0000L 8000N 6700','BX 2350.0000A 1000C 7000 v.26'),(736,13,'107','BX2350 .A1 C7 v.27','BX2615.2 .S36 1992','BX 2350.0000A 1000C 7000 v.27','BX 2615.2000S 3600  0000 1992'),(737,13,'108','BX2616 .B43 2017','BX3601 .C69 v.87','BX 2616.0000B 4300  0000 2017','BX 3601.0000C 6900  0000 v.87'),(738,13,'109','BX3601 .C794 v.45','BX4210.5 .F63','BX 3601.0000C 7940  0000 v.45','BX 4210.5000F 6300  0000'),(739,13,'110','BX4210.5 .S36 2000','BX4700 .C4 A2513 1980','BX 4210.5000S 3600  0000 2000','BX 4700.0000C 4000A 2513 1980'),(740,13,'111','BX4700 .C4 A27','BX4705 .B73 L45','BX 4700.0000C 4000A 2700','BX 4705.0000B 7300L 4500'),(741,13,'112','BX4705 .B73 D7','BX4705 .M542 M524 v.23 2010','BX 4705.0000B 7300D 7000','BX 4705.0000M 5420M 5240 v.23 2010'),(742,13,'113','BX4705 .M542 M524 v.24 2011','BX4827 .K5 F47 1991','BX 4705.0000M 5420M 5240 v.24 2011','BX 4827.0000K 5000F 4700 1991'),(743,13,'114','BX4827 .K5 G3','BX5883 .K66','BX 4827.0000K 5000G 3000','BX 5883.0000K 6600  0000'),(744,13,'115','BX5917 .C8 B3 v.1','BX8641 .W77 2007','BX 5917.0000C 8000B 3000 v.1','BX 8641.0000W 7700  0000 2007'),(745,13,'116','BX8643 .A35 B57 2004','CB226 .R39 v.33','BX 8643.0000A 3500B 5700 2004','CB 0226.0000R 3900  0000 v.33'),(746,13,'117','CB226 .R39 v.34','CC77 .B73 1971','CB 0226.0000R 3900  0000 v.34','CC 0077.0000B 7300  0000 1971'),(747,13,'118','CC77 .B8 B45 1994','CS410 .F36 v.34','CC 0077.0000B 8000B 4500 1994','CS 0410.0000F 3600  0000 v.34'),(748,13,'119','CS410 .H35 1877','CT788 .S84 M66 2009','CS 0410.0000H 3500  0000 1877','CT 0788.0000S 8400M 6600 2009'),(749,13,'120','CT788 .T24 T3 1880','D1 .H7 v.132','CT 0788.0000T 2400T 3000 1880','D  0001.0000H 7000  0000 v.132'),(750,13,'121','D1 .H7 v.133','D1 .R32 v.50','D  0001.0000H 7000  0000 v.133','D  0001.0000R 3200  0000 v.50'),(751,13,'122','D1 .R32 v.51','D6 .C65','D  0001.0000R 3200  0000 v.51','D  0006.0000C 6500  0000'),(752,13,'123','D6 .F52 1999','D16.4 .F7 H47 1999','D  0006.0000F 5200  0000 1999','D  0016.4000F 7000H 4700 1999'),(753,13,'124','D16.4 .F7 H57 2000 t.1','D51 .H5 v.52','D  0016.4000F 7000H 5700 2000 t.1','D  0051.0000H 5000  0000 v.52'),(754,13,'125','D51 .H5 v.53','D111 .M9 v.96','D  0051.0000H 5000  0000 v.53','D  0111.0000M 9000  0000 v.96'),(755,13,'126','D111 .M9 v.97','D198 .I8 v.57','D  0111.0000M 9000  0000 v.97','D  0198.0000I 8000  0000 v.57'),(756,13,'127','D198 .I8 v.58','D359 .E7 1961','D  0198.0000I 8000  0000 v.58','D  0359.0000E 7000  0000 1961'),(757,13,'128','D359 .E87 2015','D410 .V54 v.92','D  0359.0000E 8700  0000 2015','D  0410.0000V 5400  0000 v.92'),(758,13,'129','D410 .V54 v.93','D545 .V3 J36 2013','D  0410.0000V 5400  0000 v.93','D  0545.0000V 3000J 3600 2013'),(759,13,'130','D545 .V3 L4 2005','D731 .R45 v.216','D  0545.0000V 3000L 4000 2005','D  0731.0000R 4500  0000 v.216'),(760,13,'131','D731 .R45 v.217','D764 .L453 1962','D  0731.0000R 4500  0000 v.217','D  0764.0000L 4530  0000 1962'),(761,13,'132','D764 .L495 2016','D802 .F8 F6313','D  0764.0000L 4950  0000 2016','D  0802.0000F 8000F 6313'),(762,13,'133','D803 .F8 F73 2009','D805 .P7 B44','D  0803.0000F 8000F 7300 2009','D  0805.0000P 7000B 4400'),(763,13,'134','D805 .P7 B76 2010','D839 .C82 v.35','D  0805.0000P 7000B 7600 2010','D  0839.0000C 8200  0000 v.35'),(764,13,'135','D839 .C82 v.35','D839 .W57 v.47','D  0839.0000C 8200  0000 v.35','D  0839.0000W 5700  0000 v.47'),(765,13,'136','D839 .W57 v.48','D2009 .A73 2002','D  0839.0000W 5700  0000 v.48','D  2009.0000A 7300  0000 2002'),(766,13,'137','D2009 .B43 2005','DA47.2 .S496 2013','D  2009.0000B 4300  0000 2005','DA 0047.2000S 4960  0000 2013'),(767,13,'138','DA47.2 .S75 2000','DA152 .R45 2000','DA 0047.2000S 7500  0000 2000','DA 0152.0000R 4500  0000 2000'),(768,13,'139','DA152 .S28 1998','DA334 .M8 V8','DA 0152.0000S 2800  0000 1998','DA 0334.0000M 8000V 8000'),(769,13,'140','DA334 .M8 W44 1995','DA470 .S59 1987','DA 0334.0000M 8000W 4400 1995','DA 0470.0000S 5900  0000 1987'),(770,13,'141','DA470 .S6 1826','DA565 .M55 W55 2010','DA 0470.0000S 6000  0000 1826','DA 0565.0000M 5500W 5500 2010'),(771,13,'142','DA565 .N53 M86 1985','DA676.9 .A1 S45 2010','DA 0565.0000N 5300M 8600 1985','DA 0676.9000A 1000S 4500 2010'),(772,13,'143','DA676.9 .A1 S76 1994','DA910 .M87 2010','DA 0676.9000A 1000S 7600 1994','DA 0910.0000M 8700  0000 2010'),(773,13,'144','DA910 .M875','DA951 .B91','DA 0910.0000M 8750  0000','DA 0951.0000B 9100  0000'),(774,13,'145','DA951 .C22','DA990 .A6 G59 v.29','DA 0951.0000C 2200  0000','DA 0990.0000A 6000G 5900 v.29'),(775,13,'146','DA990 .A6 G59 v.30','DB49 .S2 A8 v.2','DA 0990.0000A 6000G 5900 v.30','DB 0049.0000S 2000A 8000 v.2'),(776,13,'147','DB49 .S65 M67 2013','DC101.3 .G835 2002','DB 0049.0000S 6500M 6700 2013','DC 0101.3000G 8350  0000 2002'),(777,13,'148','DB101.3 .M4913 1976','DC203 .A83 2000 v.1','DB 0101.3000M 4913  0000 1976','DC 0203.0000A 8300  0000 2000 v.1'),(778,13,'149','DC203 .A85 2000','DC601.1 .R4 v.51','DC 0203.0000A 8500  0000 2000','DC 0601.1000R 4000  0000 v.51'),(779,13,'150','DC601.1 .R4 v.52','DD3 .M83 v.7','DC 0601.1000R 4000  0000 v.52','DD 0003.0000M 8300  0000 v.7'),(780,13,'151','DD3 .M83 v.8','DD247 .H5 D384 1996','DD 0003.0000M 8300  0000 v.8','DD 0247.0000H 5000D 3840 1996'),(781,13,'152','DD247 .H5 D477 1974','DD290.29 .D48 2016','DD 0247.0000H 5000D 4770 1974','DD 0290.2900D 4800  0000 2016'),(782,13,'153','DD290.29 .D85 2005','DF234 .A1 H57 2018','DD 0290.2900D 8500  0000 2005','DF 0234.0000A 1000H 5700 2018'),(783,13,'154','DF234 .A1 P4','DG290 .C58 W57','DF 0234.0000A 1000P 4000','DG 0290.0000C 5800W 5700'),(784,13,'155','DG260 .C63 T37 1999','DG583 .B47 F75 2015','DG 0260.0000C 6300T 3700 1999','DG 0583.0000B 4700F 7500 2015'),(785,13,'156','DG583 .B47 S48 2011','DK1 .I813 2003','DG 0583.0000B 4700S 4800 2011','DK 0001.0000I 8130  0000 2003'),(786,13,'157','DK1 .I813 2004','DK265 .W62','DK 0001.0000I 8130  0000 2004','DK 0265.0000W 6200  0000'),(787,13,'158','DK265.13 .H57 2016','DK510.36 .N49 1999 t.5','DK 0265.1300H 5700  0000 2016','DK 0510.3600N 4900  0000 1999 t.5'),(788,13,'159','DK510.36 .N49 1999 t.6','DP97.6 .R57 2013','DK 0510.3600N 4900  0000 1999 t.6','DP 0097.6000R 5700  0000 2013'),(789,13,'160','DP97.6 .S36','DR312 .D5','DP 0097.6000S 3600  0000','DR 0312.0000D 5000  0000'),(790,13,'161','DR312 .M5','DS41 .M44 v.44C 2020','DR 0312.0000M 5000  0000','DS 0041.0000M 4400  0000 v.44C 2020'),(791,13,'162','DS41 .M44 v.44D 2020','DS101 .S4 v.35','DS 0041.0000M 4400  0000 v.44D 2020','DS 0101.0000S 4000  0000 v.35'),(792,13,'163','DS101 .S4 v.36','DS135 .A93 T56413 2005','DS 0101.0000S 4000  0000 v.36','DS 0135.0000A 9300T 5641 2005'),(793,13,'164','DS135 .A93 W534 1994','DS318 .M8 1988','DS 0135.0000A 9300W 5340 1994','DS 0318.0000M 8000  0000 1988'),(794,13,'165','DS318 .P37 1984','DS501 .J64 v.26','DS 0318.0000P 3700  0000 1984','DS 0501.0000J 6400  0000 v.26'),(795,13,'166','DS501 .P67 v.2','DS721 .N39 v.1','DS 0501.0000P 6700  0000 v.2','DS 0721.0000N 3900  0000 v.1'),(796,13,'167','DS721 .N39 v.2','DS822.5 .055 1992','DS 0721.0000N 3900  0000 v.2','DS 0822.5000  0000  0000 .055 1992'),(797,13,'168','DS822.5 .P73 2010','DT61 .B643 2009','DS 0822.5000P 7300  0000 2010','DT 0061.0000B 6430  0000 2009'),(798,13,'169','DT61 .B67 1986','DT763 .S682 2003/4','DT 0061.0000B 6700  0000 1986','DT 0763.0000S 6820  0000 2003/4'),(799,13,'170','DT763 .S682 2004/5','DX301 .F68 2018','DT 0763.0000S 6820  0000 2004/5','DX 0301.0000F 6800  0000 2018'),(800,13,'171','OVERSIZE A-DZ','OVERSIZE A-DZ','OVE0000.0000RSIZE0000A 0000 -DZ','OVE0000.0000RSIZE0000A 0000 -DZ'),(801,16,'1','Q1 .A1 A67x v.23','Q1 .P53 v.78','Q  0001.0000A 1000A 6700 x v.23','Q  0001.0000P 5300  0000 v.78'),(802,16,'2','Q1 .P53 v.79','Q11 .N26 v.87','Q  0001.0000P 5300  0000 v.79','Q  0011.0000N 2600  0000 v.87'),(803,16,'3','Q11 .N292','Q41 .L73x v.219','Q  0011.0000N 2920  0000','Q  0041.0000L 7300  0000 x v.219'),(804,16,'4','Q41 .L73x v.220','Q141 .A47 1978 v.1','Q  0041.0000L 7300  0000 x v.220','Q  0141.0000A 4700  0000 1978 v.1'),(805,16,'5','Q141 .A47 1978 v.2','Q174 .B67 v.195','Q  0141.0000A 4700  0000 1978 v.2','Q  0174.0000B 6700  0000 v.195'),(806,16,'6','Q174 .B67 v.196','Q180.55 .M3 S6a v.20','Q  0174.0000B 6700  0000 v.196','Q  0180.5500M 3000S 6000 a v.20'),(807,16,'7','Q180.55 .M3 S6a v.21','Q334 .I58 2011','Q  0180.5500M 3000S 6000 a v.21','Q  0334.0000I 5800  0000 2011'),(808,16,'8','Q334 .J68 v.1','QA1 .A515 v.118','Q  0334.0000J 6800  0000 v.1','QA 0001.0000A 5150  0000 v.118'),(809,16,'9','QA1 .A516 v.1','QA1 .C7 v.83','QA 0001.0000A 5160  0000 v.1','QA 0001.0000C 7000  0000 v.83'),(810,16,'10','QA1 .C714 v.1','QA1 .I92 v.94','QA 0001.0000C 7140  0000 v.1','QA 0001.0000I 9200  0000 v.94'),(811,16,'11','QA1 .I92 v.95','QA1 .K9 v.26','QA 0001.0000I 9200  0000 v.95','QA 0001.0000K 9000  0000 v.26'),(812,16,'12','QA1 .K9 v.27','QA1 .N86 v.114','QA 0001.0000K 9000  0000 v.27','QA 0001.0000N 8600  0000 v.114'),(813,16,'13','QA1 .N86 v.115','QA1 .Z37 v.21','QA 0001.0000N 8600  0000 v.115','QA 0001.0000Z 3700  0000 v.21'),(814,16,'14','QA1 .Z37 v.22','QA3 .L28 no.1818','QA 0001.0000Z 3700  0000 v.22','QA 0003.0000L 2800  0000 no.1818'),(815,16,'15','QA3 .L28 no.1819','QA21 .H54 v.21','QA 0003.0000L 2800  0000 no.1819','QA 0021.0000H 5400  0000 v.21'),(816,16,'16','QA21 .H54 v.22','QA76 .A765 v.34','QA 0021.0000H 5400  0000 v.22','QA 0076.0000A 7650  0000 v.34'),(817,16,'17','SHELVING AREA Q-ZA','SHELVING AREA Q-ZA','SHE0000.0000LVING0000AREA0000 Q-ZA','SHE0000.0000LVING0000AREA0000 Q-ZA'),(818,16,'18','QA76 .A765 v.35','QA76.58 .I59 1997','QA 0076.0000A 7650  0000 v.35','QA 0076.5800I 5900  0000 1997'),(819,16,'19','QA76.58 .I59 1998','QA76.73 .J39 A53 1998','QA 0076.5800I 5900  0000 1998','QA 0076.7300J 3900A 5300 1998'),(820,16,'20','QA76.73 .J39 M67 2008','QA76.8 .I2594 P3 v.14','QA 0076.7300J 3900M 6700 2008','QA 0076.8000I 2594P 3000 v.14'),(821,16,'21','QA76.8 .I2594 P3 v.14','QA76.9 .D3 049 1991','QA 0076.8000I 2594P 3000 v.14','QA 0076.9000D 3000  0000 049 1991'),(822,16,'22','QA76.9 .D3 073 1997','QA150 .A37 no.5','QA 0076.9000D 3000  0000 073 1997','QA 0150.0000A 3700  0000 no.5'),(823,16,'23','QA150 .A37 no.9','QA241 .W66 2017','QA 0150.0000A 3700  0000 no.9','QA 0241.0000W 6600  0000 2017'),(824,16,'24','QA241 .T428 no.1','QA273 .S54413 2016 v.2','QA 0241.0000T 4280  0000 no.1','QA 0273.0000S 5441  0000 2016 v.2'),(825,16,'25','QA273 .S218','QA299.3 .D28 1984','QA 0273.0000S 2180  0000','QA 0299.3000D 2800  0000 1984'),(826,16,'26','QA299.3 .D3','QA371 .D44 v.30','QA 0299.3000D 3000  0000','QA 0371.0000D 4400  0000 v.30'),(827,16,'27','QA371 .D44 v.31','QA446 .C66 1991','QA 0371.0000D 4400  0000 v.31','QA 0446.0000C 6600  0000 1991'),(828,16,'28','QA447 .B56','QA670 .M37 2012','QA 0447.0000B 5600  0000','QA 0670.0000M 3700  0000 2012'),(829,16,'29','QA670 .M67 2007','QB1 .A9 v.489','QA 0670.0000M 6700  0000 2007','QB 0001.0000A 9000  0000 v.489'),(830,16,'30','QB1 .A9 v.490','QB351 .B7','QB 0001.0000A 9000  0000 v.490','QB 0351.0000B 7000  0000'),(831,16,'31','QB351 .D3','QC1 .A36 v.64','QB 0351.0000D 3000  0000','QC 0001.0000A 3600  0000 v.64'),(832,16,'32','QC1 .H365 v.1','QC1 .I64 v.38','QC 0001.0000H 3650  0000 v.1','QC 0001.0000I 6400  0000 v.38'),(833,16,'33','QC1 .I64 v.38','QC1 .N971 v.44','QC 0001.0000I 6400  0000 v.38','QC 0001.0000N 9710  0000 v.44'),(834,16,'34','QC1 .P382 v.100a','QC1 .P43 v.90','QC 0001.0000P 3820  0000 v.100a','QC 0001.0000P 4300  0000 v.90'),(835,16,'35','QC1 .P43 v.90','QC1 .P6563 v.156','QC 0001.0000P 4300  0000 v.90','QC 0001.0000P 6563  0000 v.156'),(836,16,'36','QC1 .P6563 v.157','QC6 .B454','QC 0001.0000P 6563  0000 v.157','QC 0006.0000B 4540  0000'),(837,16,'37','QC6 .B5','QC20.7 .N6 K38 1995','QC 0006.0000B 5000  0000','QC 0020.7000N 6000K 3800 1995'),(838,16,'38','QC20.7 .N6 L36 1998','QC173 .A1 P44 v.96','QC 0020.7000N 6000L 3600 1998','QC 0173.0000A 1000P 4400 v.96'),(839,16,'39','QC173 .A1 P44 v.96','QC173.6 .A83 2018','QC 0173.0000A 1000P 4400 v.96','QC 0173.6000A 8300  0000 2018'),(840,16,'40','QC173.6 A88 1974','QC174.7 .P5 v.98','QC 0173.6000A 8800  0000 1974','QC 0174.7000P 5000  0000 v.98'),(841,16,'41','QC174.7 .S5644 2011','QC176 .A1 J652 v.17','QC 0174.7000S 5644  0000 2011','QC 0176.0000A 1000J 6520 v.17'),(842,16,'42','QC176 .A1 J652 v.17','QC176 .A1 P513 v.92','QC 0176.0000A 1000J 6520 v.17','QC 0176.0000A 1000P 5130 v.92'),(843,16,'43','QC176 .A1 P513 v.92','QC176 .A413 v.42','QC 0176.0000A 1000P 5130 v.92','QC 0176.0000A 4130  0000 v.42'),(844,16,'44','QC176 .A413 v.42','QC176.96 .C5 v.23','QC 0176.0000A 4130  0000 v.42','QC 0176.9600C 5000  0000 v.23'),(845,16,'45','QC176.96 .C5 v.23','QC311.5 .P7 1968','QC 0176.9600C 5000  0000 v.23','QC 0311.5000P 7000  0000 1968'),(846,16,'46','QC311 .O3 2005','QC369 .H35 2010 v.1','QC 0311.0000O 3000  0000 2005','QC 0369.0000H 3500  0000 2010 v.1'),(847,16,'47','QC370 .M39 1992','QC454 .P48 U56 1992','QC 0370.0000M 3900  0000 1992','QC 0454.0000P 4800U 5600 1992'),(848,16,'48','QC454 .R3 R36 1998','QC611 .Y88 1996','QC 0454.0000R 3000R 3600 1998','QC 0611.0000Y 8800  0000 1996'),(849,16,'49','QC611.24 .O78x 1990','QC670 .W43','QC 0611.2400O 7800  0000 x 1990','QC 0670.0000W 4300  0000'),(850,16,'50','QC661 .L43 2019','QC762 .J682 v.114','QC 0661.0000L 4300  0000 2019','QC 0762.0000J 6820  0000 v.114'),(851,16,'51','QC762 .J682 v.115','QC772 .L4 1959','QC 0762.0000J 6820  0000 v.115','QC 0772.0000L 4000  0000 1959'),(852,16,'52','QC773 .L58 2020','QC810 .A9 v.205','QC 0773.0000L 5800  0000 2020','QC 0810.0000A 9000  0000 v.205'),(853,16,'53','QC810 .A9 v.206','QD1 .A275 v.40','QC 0810.0000A 9000  0000 v.206','QD 0001.0000A 2750  0000 v.40'),(854,16,'54','QD1 .A325 v.15','QD1 .A6 v.9','QD 0001.0000A 3250  0000 v.15','QD 0001.0000A 6000  0000 v.9'),(855,16,'55','QD1 .A6 v.10','QD1 .C582 1991','QD 0001.0000A 6000  0000 v.10','QD 0001.0000C 5820  0000 1991'),(856,16,'56','QD1 .C582 1992','QD1 .J93 v.81','QD 0001.0000C 5820  0000 1992','QD 0001.0000J 9300  0000 v.81'),(857,16,'57','QD1 .J93 v.82','QD1 .J951 v.102','QD 0001.0000J 9300  0000 v.82','QD 0001.0000J 9510  0000 v.102'),(858,16,'58','QD1 .J951 v.102','QD1 .Z4 v.618','QD 0001.0000J 9510  0000 v.102','QD 0001.0000Z 4000  0000 v.618'),(859,16,'59','QD1 .Z4 v.619','QD117 .C5 K513','QD 0001.0000Z 4000  0000 v.619','QD 0117.0000C 5000K 5130'),(860,16,'60','QD117 .C5 M6','QD241 .J6 v.38','QD 0117.0000C 5000M 6000','QD 0241.0000J 6000  0000 v.38'),(861,16,'61','QD241 .J6 v.38','QD255.4 .L5 2007','QD 0241.0000J 6000  0000 v.38','QD 0255.4000L 5000  0000 2007'),(862,16,'62','QD255.5 .E4 N38 1989','QD271 .J653','QD 0255.5000E 4000N 3800 1989','QD 0271.0000J 6530  0000'),(863,16,'63','QD271 .K53 1959','QD400.3 .B33 2017','QD 0271.0000K 5300  0000 1959','QD 0400.3000B 3300  0000 2017'),(864,16,'64','QD400.3 .M48 2012','QD450 .C51 v.138','QD 0400.3000M 4800  0000 2012','QD 0450.0000C 5100  0000 v.138'),(865,16,'65','QD450 .C51 v.139','QD476 .O2 v.39','QD 0450.0000C 5100  0000 v.139','QD 0476.0000O 2000  0000 v.39'),(866,16,'66','QD476 .O2 v.40','QD551 .J6 v.124','QD 0476.0000O 2000  0000 v.40','QD 0551.0000J 6000  0000 v.124'),(867,16,'67','QD551 .J6 v.125','QE1 .G4 v.156','QD 0551.0000J 6000  0000 v.125','QE 0001.0000G 4000  0000 v.156'),(868,16,'68','QE1 .G4 v.156','QE39 .M3 v.122','QE 0001.0000G 4000  0000 v.156','QE 0039.0000M 3000  0000 v.122'),(869,16,'69','QE39 .M5','QE75 .P9 v.632','QE 0039.0000M 5000  0000','QE 0075.0000P 9000  0000 v.632'),(870,16,'70','QE75 .P9 v.633','QE435 .A3','QE 0075.0000P 9000  0000 v.633','QE 0435.0000A 3000  0000'),(871,16,'71','QE438 .D27 1989','QE516.5 .K87','QE 0438.0000D 2700  0000 1989','QE 0516.5000K 8700  0000'),(872,16,'72','QE516.5 .O7 1993','QE996 .B74 2013','QE 0516.5000O 7000  0000 1993','QE 0996.0000B 7400  0000 2013'),(873,16,'73','QH1 .A277 v.30','QH301 .B358 v.103','QH 0001.0000A 2770  0000 v.30','QH 0301.0000B 3580  0000 v.103'),(874,16,'74','QH301 .B358 v.104','QH301 .J68 v.211','QH 0301.0000B 3580  0000 v.104','QH 0301.0000J 6800  0000 v.211'),(875,16,'75','QH301 .J75 v.82','QH366.2 .M555 2019','QH 0301.0000J 7500  0000 v.82','QH 0366.2000M 5550  0000 2019'),(876,16,'76','QH366 .A1 v.20','QH433 .P5 v.32','QH 0366.0000A 1000  0000 v.20','QH 0433.0000P 5000  0000 v.32'),(877,16,'77','QH434 .A66 2003','QH506 .M652x v.19','QH 0434.0000A 6600  0000 2003','QH 0506.0000M 6520  0000 x v.19'),(878,16,'78','QH506 .M652x v.19','QH573 .P537 v.16','QH 0506.0000M 6520  0000 x v.19','QH 0573.0000P 5370  0000 v.16'),(879,16,'79','QH573 .P537 v.17','QK711 .S7 v.6 pt.b','QH 0573.0000P 5370  0000 v.17','QK 0711.0000S 7000  0000 v.6 pt.b'),(880,16,'80','QK711 .S7 v.6 pt.c','QL676 .F55 1977','QK 0711.0000S 7000  0000 v.6 pt.c','QL 0676.0000F 5500  0000 1977'),(881,16,'81','QL676.2 .S8755 1998','QL799.5 .N94 1995','QL 0676.2000S 8755  0000 1998','QL 0799.5000N 9400  0000 1995'),(882,16,'82','QL801 .A4 v.202','QP1 .J73 v.115','QL 0801.0000A 4000  0000 v.202','QP 0001.0000J 7300  0000 v.115'),(883,16,'83','QP1 .J73 v.115','QP187 .A25 v.140','QP 0001.0000J 7300  0000 v.115','QP 0187.0000A 2500  0000 v.140'),(884,16,'84','QP187 .A25 v.140','QP351 .N432 v.391','QP 0187.0000A 2500  0000 v.140','QP 0351.0000N 4320  0000 v.391'),(885,16,'85','QP351 .O7 1974','QP364.7 .M47 1990','QP 0351.0000O 7000  0000 1974','QP 0364.7000M 4700  0000 1990'),(886,16,'86','QP364.7 .N468 1992','QP376 .L96 2008','QP 0364.7000N 4680  0000 1992','QP 0376.0000L 9600  0000 2008'),(887,16,'87','QP376 .M155','QP501 .B47 v.322','QP 0376.0000M 1550  0000','QP 0501.0000B 4700  0000 v.322'),(888,16,'88','QP501 .B47 v.323','QP501 .J67 v.142','QP 0501.0000B 4700  0000 v.323','QP 0501.0000J 6700  0000 v.142'),(889,16,'89','QP501 .J7 v.265','QP535 .C2 B5','QP 0501.0000J 7000  0000 v.265','QP 0535.0000C 2000B 5000'),(890,16,'90','QP535 .C2 C26 v.5','QP620 .N795','QP 0535.0000C 2000C 2600 v.5','QP 0620.0000N 7950  0000'),(891,16,'91','QP620 .N8 v.1','QR1 .J64 v.152','QP 0620.0000N 8000  0000 v.1','QR 0001.0000J 6400  0000 v.152'),(892,16,'92','QR1 .J64 v.153','QR360 .H27','QR 0001.0000J 6400  0000 v.153','QR 0360.0000H 2700  0000'),(893,16,'93','QR360 .J62 v64','R11 .H62 v.34','QR 0360.0000J 6200  0000 v64','R  0011.0000H 6200  0000 v.34'),(894,16,'94','R11 .J654 v.23','R121 .C665 1998','R  0011.0000J 6540  0000 v.23','R  0121.0000C 6650  0000 1998'),(895,16,'95','R121 .D73','R724 .J48','R  0121.0000D 7300  0000','R  0724.0000J 4800  0000'),(896,16,'96','R724 .J655 2005','R729.5 .G4 A36 v.73','R  0724.0000J 6550  0000 2005','R  0729.5000G 4000A 3600 v.73'),(897,16,'97','R729.5 .G4 A36 v.73','RA393 .H4','R  0729.5000G 4000A 3600 v.73','RA 0393.0000H 4000  0000'),(898,16,'98','RA393 .H414 1999','RA421 .J86 v.1','RA 0393.0000H 4140  0000 1999','RA 0421.0000J 8600  0000 v.1'),(899,16,'99','RA421 .I49 v.26','RA645.5 .J45x v.43','RA 0421.0000I 4900  0000 v.26','RA 0645.5000J 4500  0000 x v.43'),(900,16,'100','RA645.5 .M37x','RA972 .P75 2012','RA 0645.5000M 3700  0000 x','RA 0972.0000P 7500  0000 2012'),(901,16,'101','RA972 .R58','RB145 .A2 B56 v.109','RA 0972.0000R 5800  0000','RB 0145.0000A 2000B 5600 v.109'),(902,16,'102','RB145 .A2 B56 v.109','RC261 .A1 B86 v.77','RB 0145.0000A 2000B 5600 v.109','RC 0261.0000A 1000B 8600 v.77'),(903,16,'103','RC261 .A1 B86 v.78','RC275 .H47 2012','RC 0261.0000A 1000B 8600 v.78','RC 0275.0000H 4700  0000 2012'),(904,16,'104','RC276 .P38 1987','RC321 .J866 v.150','RC 0276.0000P 3800  0000 1987','RC 0321.0000J 8660  0000 v.150'),(905,16,'105','RC321 .J866 v.151','RC423 .C6425 1998','RC 0321.0000J 8660  0000 v.151','RC 0423.0000C 6425  0000 1998'),(906,16,'106','RC423 .J68 v.50','RC454.4 .N46 1999','RC 0423.0000J 6800  0000 v.50','RC 0454.4000N 4600  0000 1999'),(907,16,'107','RC454.4 .O446 2002','RC480.6 .C755 1988','RC 0454.4000O 4460  0000 2002','RC 0480.6000C 7550  0000 1988'),(908,16,'108','RC480.6 .D58','RC512 .W6','RC 0480.6000D 5800  0000','RC 0512.0000W 6000  0000'),(909,16,'109','RC531 .F7413 1989','RC566 .A1 I5 v.31','RC 0531.0000F 7413  0000 1989','RC 0566.0000A 1000I 5000 v.31'),(910,16,'110','RC566 .A1 I5 v.32','RC660 .A1 A5214 v.46','RC 0566.0000A 1000I 5000 v.32','RC 0660.0000A 1000A 5214 v.46'),(911,16,'111','RC660 .A1 A5214 v.46','RC952 .A1 J6x v.53','RC 0660.0000A 1000A 5214 v.46','RC 0952.0000A 1000J 6000 x v.53'),(912,16,'112','RC952 .A1 J6x v.53','RD82.2 .M352 2007','RC 0952.0000A 1000J 6000 x v.53','RD 0082.2000M 3520  0000 2007'),(913,16,'113','RD82.2 .M354 2007','RF1 .L37 v.114','RD 0082.2000M 3540  0000 2007','RF 0001.0000L 3700  0000 v.114'),(914,16,'114','RF1 .L37 v.115','RG572 .M36 2016','RF 0001.0000L 3700  0000 v.115','RG 0572.0000M 3600  0000 2016'),(915,16,'115','RG572 .M63 1989','RJ45 .P76 2016','RG 0572.0000M 6300  0000 1989','RJ 0045.0000P 7600  0000 2016'),(916,16,'116','RJ45 .R86 2006','RJ496 .B7 S64 1996','RJ 0045.0000R 8600  0000 2006','RJ 0496.0000B 7000S 6400 1996'),(917,16,'117','RJ496 .C4 A53 1982','RJ506 .S3 S83 1991','RJ 0496.0000C 4000A 5300 1982','RJ 0506.0000S 3000S 8300 1991'),(918,16,'118','RJ506 .S31 M5','RM695 .A53 v.74','RJ 0506.0000S 3100M 5000','RM 0695.0000A 5300  0000 v.74'),(919,16,'119','RM695 .A53 v.75','RT1 .I4723 v.281','RM 0695.0000A 5300  0000 v.75','RT 0001.0000I 4723  0000 v.281'),(920,16,'120','RT1 .I4723 v.282','RT1 .N756 v.28','RT 0001.0000I 4723  0000 v.282','RT 0001.0000N 7560  0000 v.28'),(921,16,'121','RT1 .N756 v.29','RT4 .R63 2001','RT 0001.0000N 7560  0000 v.29','RT 0004.0000R 6300  0000 2001'),(922,16,'122','RT4 .S54 v.1','RT37 .N5 A3 1987','RT 0004.0000S 5400  0000 v.1','RT 0037.0000N 5000A 3000 1987'),(923,16,'123','RT37 .N5 A2 2001 v.2','RT48.6 .N365 2003','RT 0037.0000N 5000A 2000 2001 v.2','RT 0048.6000N 3650  0000 2003'),(924,16,'124','RT48.6 .N869 2006','RT81.5 .B56','RT 0048.6000N 8690  0000 2006','RT 0081.5000B 5600  0000'),(925,16,'125','RT81.5 .B67x 1989','RT86.7 .O73','RT 0081.5000B 6700  0000 x 1989','RT 0086.7000O 7300  0000'),(926,16,'126','RT86.7 .P46 2004','RT120 .I5 H37 1993','RT 0086.7000P 4600  0000 2004','RT 0120.0000I 5000H 3700 1993'),(927,16,'127','RT120 .I5 H54 2009','SB732.6 .M654 v.19','RT 0120.0000I 5000H 5400 2009','SB 0732.6000M 6540  0000 v.19'),(928,16,'128','SB732.6 .M654 v.20','T26 .G8 L64 1967','SB 0732.6000M 6540  0000 v.20','T  0026.0000G 8000L 6400 1967'),(929,16,'129','T26 .I6 H25 2002','T211 .G76 2016','T  0026.0000I 6000H 2500 2002','T  0211.0000G 7600  0000 2016'),(930,16,'130','T211 .P4','TA705 .R28','T  0211.0000P 4000  0000','TA 0705.0000R 2800  0000'),(931,16,'131','TA705 .R4 v.1','TD171.5 .J3 E58 2002','TA 0705.0000R 4000  0000 v.1','TD 0171.5000J 3000E 5800 2002'),(932,16,'132','TD171.7 .A47 1992','TJ1 .P7 v.155','TD 0171.7000A 4700  0000 1992','TJ 0001.0000P 7000  0000 v.155'),(933,16,'133','TJ5 .W6','TK454.4 .M3 I48 v.33','TJ 0005.0000W 6000  0000','TK 0454.4000M 3000I 4800 v.33'),(934,16,'134','TK454.4 .M3 I48 v.34','TK6540 .R17 v.83','TK 0454.4000M 3000I 4800 v.34','TK 6540.0000R 1700  0000 v.83'),(935,16,'135','TK6540 .W67 1994','TK7877 .I585 1998','TK 6540.0000W 6700  0000 1994','TK 7877.0000I 5850  0000 1998'),(936,16,'136','TK7877 .N384 2009','TL500 .S35 v.33 pt.4','TK 7877.0000N 3840  0000 2009','TL 0500.0000S 3500  0000 v.33 pt.4'),(937,16,'137','TL501 .A688 A25 v.18','TN719 .M3','TL 0501.0000A 6880A 2500 v.18','TN 0719.0000M 3000  0000'),(938,16,'138','TN728 .N365x 1982','TP248.3 .A38 v.170','TN 0728.0000N 3650  0000 x 1982','TP 0248.3000A 3800  0000 v.170'),(939,16,'139','TP248.3 .B557 v.2','TP986 .A1 M6 v.88','TP 0248.3000B 5570  0000 v.2','TP 0986.0000A 1000M 6000 v.88'),(940,16,'140','TP986 .M2 M633 1963','TT490 .B6 v.38','TP 0986.0000M 2000M 6330 1963','TT 0490.0000B 6000  0000 v.38'),(941,16,'141','TT490 .B6 v.39','U1 .I5','TT 0490.0000B 6000  0000 v.39','U  0001.0000I 5000  0000'),(942,16,'142','U1 .J86x v.2','UA24 .A12 v.2 pt.1','U  0001.0000J 8600  0000 x v.2','UA 0024.0000A 1200  0000 v.2 pt.1'),(943,16,'143','UA24 .A12 v.2 pt.2','UG633 B79 1994','UA 0024.0000A 1200  0000 v.2 pt.2','UG 0633.0000B 7900  0000 1994'),(944,16,'144','UG633 .C52 2003','Z664 .T75 F76 2016','UG 0633.0000C 5200  0000 2003','Z  0664.0000T 7500F 7600 2016'),(945,16,'145','Z665 .B127 2019','Z792 .A73 H36 2011','Z  0665.0000B 1270  0000 2019','Z  0792.0000A 7300H 3600 2011'),(946,16,'146','Z792 .C48 Y46 2011','Z2014 .D7 W544 2012 v.1','Z  0792.0000C 4800Y 4600 2011','Z  2014.0000D 7000W 5440 2012 v.1'),(947,16,'147','Z2015 .A1 A4 v.1','ZA5055 .U6 U55 2002','Z  2015.0000A 1000A 4000 v.1','ZA 5055.0000U 6000U 5500 2002');
/*!40000 ALTER TABLE `shelf` ENABLE KEYS */;
UNLOCK TABLES;
/*!40103 SET TIME_ZONE=@OLD_TIME_ZONE */;

/*!40101 SET SQL_MODE=@OLD_SQL_MODE */;
/*!40014 SET FOREIGN_KEY_CHECKS=@OLD_FOREIGN_KEY_CHECKS */;
/*!40014 SET UNIQUE_CHECKS=@OLD_UNIQUE_CHECKS */;
/*!40101 SET CHARACTER_SET_CLIENT=@OLD_CHARACTER_SET_CLIENT */;
/*!40101 SET CHARACTER_SET_RESULTS=@OLD_CHARACTER_SET_RESULTS */;
/*!40101 SET COLLATION_CONNECTION=@OLD_COLLATION_CONNECTION */;
/*!40111 SET SQL_NOTES=@OLD_SQL_NOTES */;

-- Dump completed on 2023-01-24 12:22:24
